county,precinct,office,district,party,candidate,votes,in-person_absentee,failsafe_provisional,provisional,failsafe,absentee_by_mail,election_day
Jasper,COOSAWHATCHIE,STRAIGHT PARTY 1,,CON,Constitution,0,0,0,0,0,0,0
Jasper,GILLISONVILLE,STRAIGHT PARTY 1,,CON,Constitution,0,0,0,0,0,0,0
Jasper,GRAHAMVILLE 1,STRAIGHT PARTY 1,,CON,Constitution,0,0,0,0,0,0,0
Jasper,GRAHAMVILLE 2,STRAIGHT PARTY 1,,CON,Constitution,1,1,0,0,0,0,0
Jasper,GRAYS,STRAIGHT PARTY 1,,CON,Constitution,0,0,0,0,0,0,0
Jasper,HARDEEVILLE 1,STRAIGHT PARTY 1,,CON,Constitution,2,1,0,0,0,0,1
Jasper,HARDEEVILLE 2,STRAIGHT PARTY 1,,CON,Constitution,0,0,0,0,0,0,0
Jasper,LEVY,STRAIGHT PARTY 1,,CON,Constitution,0,0,0,0,0,0,0
Jasper,OAKATIE,STRAIGHT PARTY 1,,CON,Constitution,1,0,0,0,0,1,0
Jasper,PINELAND,STRAIGHT PARTY 1,,CON,Constitution,0,0,0,0,0,0,0
Jasper,RIDGELAND 1,STRAIGHT PARTY 1,,CON,Constitution,1,1,0,0,0,0,0
Jasper,RIDGELAND 2,STRAIGHT PARTY 1,,CON,Constitution,1,0,0,0,0,0,1
Jasper,TILLMAN,STRAIGHT PARTY 1,,CON,Constitution,0,0,0,0,0,0,0
Jasper,RIDGELAND 3,STRAIGHT PARTY 1,,CON,Constitution,0,0,0,0,0,0,0
Jasper,SUN CITY,STRAIGHT PARTY 1,,CON,Constitution,0,0,0,0,0,0,0
Jasper,Failsafe,STRAIGHT PARTY 1,,CON,Constitution,0,0,0,0,0,0,0
Jasper,Provisional,STRAIGHT PARTY 1,,CON,Constitution,0,0,0,0,0,0,0
Jasper,Failsafe Provisional,STRAIGHT PARTY 1,,CON,Constitution,0,0,0,0,0,0,0
Jasper,COOSAWHATCHIE,STRAIGHT PARTY 1,,GRN,Green,0,0,0,0,0,0,0
Jasper,GILLISONVILLE,STRAIGHT PARTY 1,,GRN,Green,1,1,0,0,0,0,0
Jasper,GRAHAMVILLE 1,STRAIGHT PARTY 1,,GRN,Green,0,0,0,0,0,0,0
Jasper,GRAHAMVILLE 2,STRAIGHT PARTY 1,,GRN,Green,1,1,0,0,0,0,0
Jasper,GRAYS,STRAIGHT PARTY 1,,GRN,Green,0,0,0,0,0,0,0
Jasper,HARDEEVILLE 1,STRAIGHT PARTY 1,,GRN,Green,1,0,0,0,0,0,1
Jasper,HARDEEVILLE 2,STRAIGHT PARTY 1,,GRN,Green,0,0,0,0,0,0,0
Jasper,LEVY,STRAIGHT PARTY 1,,GRN,Green,0,0,0,0,0,0,0
Jasper,OAKATIE,STRAIGHT PARTY 1,,GRN,Green,2,0,0,0,0,1,1
Jasper,PINELAND,STRAIGHT PARTY 1,,GRN,Green,0,0,0,0,0,0,0
Jasper,RIDGELAND 1,STRAIGHT PARTY 1,,GRN,Green,0,0,0,0,0,0,0
Jasper,RIDGELAND 2,STRAIGHT PARTY 1,,GRN,Green,0,0,0,0,0,0,0
Jasper,TILLMAN,STRAIGHT PARTY 1,,GRN,Green,1,0,0,0,0,0,1
Jasper,RIDGELAND 3,STRAIGHT PARTY 1,,GRN,Green,0,0,0,0,0,0,0
Jasper,SUN CITY,STRAIGHT PARTY 1,,GRN,Green,0,0,0,0,0,0,0
Jasper,Failsafe,STRAIGHT PARTY 1,,GRN,Green,0,0,0,0,0,0,0
Jasper,Provisional,STRAIGHT PARTY 1,,GRN,Green,0,0,0,0,0,0,0
Jasper,Failsafe Provisional,STRAIGHT PARTY 1,,GRN,Green,0,0,0,0,0,0,0
Jasper,COOSAWHATCHIE,STRAIGHT PARTY 1,,REP,Republican,57,13,0,0,0,2,42
Jasper,GILLISONVILLE,STRAIGHT PARTY 1,,REP,Republican,103,28,0,0,0,4,71
Jasper,GRAHAMVILLE 1,STRAIGHT PARTY 1,,REP,Republican,278,85,0,0,0,11,182
Jasper,GRAHAMVILLE 2,STRAIGHT PARTY 1,,REP,Republican,253,93,0,0,0,10,150
Jasper,GRAYS,STRAIGHT PARTY 1,,REP,Republican,236,22,0,0,0,11,203
Jasper,HARDEEVILLE 1,STRAIGHT PARTY 1,,REP,Republican,599,289,0,0,0,45,265
Jasper,HARDEEVILLE 2,STRAIGHT PARTY 1,,REP,Republican,117,29,0,0,0,8,80
Jasper,LEVY,STRAIGHT PARTY 1,,REP,Republican,297,78,0,0,0,14,205
Jasper,OAKATIE,STRAIGHT PARTY 1,,REP,Republican,442,147,0,0,0,50,245
Jasper,PINELAND,STRAIGHT PARTY 1,,REP,Republican,42,14,0,0,0,2,26
Jasper,RIDGELAND 1,STRAIGHT PARTY 1,,REP,Republican,209,86,0,0,0,1,122
Jasper,RIDGELAND 2,STRAIGHT PARTY 1,,REP,Republican,161,67,0,0,0,10,84
Jasper,TILLMAN,STRAIGHT PARTY 1,,REP,Republican,99,14,0,0,0,3,82
Jasper,RIDGELAND 3,STRAIGHT PARTY 1,,REP,Republican,156,62,0,0,0,1,93
Jasper,SUN CITY,STRAIGHT PARTY 1,,REP,Republican,1033,425,0,0,0,165,443
Jasper,Failsafe,STRAIGHT PARTY 1,,REP,Republican,1,0,0,0,1,0,0
Jasper,Provisional,STRAIGHT PARTY 1,,REP,Republican,3,0,0,3,0,0,0
Jasper,Failsafe Provisional,STRAIGHT PARTY 1,,REP,Republican,0,0,0,0,0,0,0
Jasper,COOSAWHATCHIE,STRAIGHT PARTY 1,,ALN,Alliance,0,0,0,0,0,0,0
Jasper,GILLISONVILLE,STRAIGHT PARTY 1,,ALN,Alliance,0,0,0,0,0,0,0
Jasper,GRAHAMVILLE 1,STRAIGHT PARTY 1,,ALN,Alliance,0,0,0,0,0,0,0
Jasper,GRAHAMVILLE 2,STRAIGHT PARTY 1,,ALN,Alliance,0,0,0,0,0,0,0
Jasper,GRAYS,STRAIGHT PARTY 1,,ALN,Alliance,0,0,0,0,0,0,0
Jasper,HARDEEVILLE 1,STRAIGHT PARTY 1,,ALN,Alliance,0,0,0,0,0,0,0
Jasper,HARDEEVILLE 2,STRAIGHT PARTY 1,,ALN,Alliance,0,0,0,0,0,0,0
Jasper,LEVY,STRAIGHT PARTY 1,,ALN,Alliance,0,0,0,0,0,0,0
Jasper,OAKATIE,STRAIGHT PARTY 1,,ALN,Alliance,0,0,0,0,0,0,0
Jasper,PINELAND,STRAIGHT PARTY 1,,ALN,Alliance,1,1,0,0,0,0,0
Jasper,RIDGELAND 1,STRAIGHT PARTY 1,,ALN,Alliance,0,0,0,0,0,0,0
Jasper,RIDGELAND 2,STRAIGHT PARTY 1,,ALN,Alliance,0,0,0,0,0,0,0
Jasper,TILLMAN,STRAIGHT PARTY 1,,ALN,Alliance,0,0,0,0,0,0,0
Jasper,RIDGELAND 3,STRAIGHT PARTY 1,,ALN,Alliance,0,0,0,0,0,0,0
Jasper,SUN CITY,STRAIGHT PARTY 1,,ALN,Alliance,0,0,0,0,0,0,0
Jasper,Failsafe,STRAIGHT PARTY 1,,ALN,Alliance,0,0,0,0,0,0,0
Jasper,Provisional,STRAIGHT PARTY 1,,ALN,Alliance,0,0,0,0,0,0,0
Jasper,Failsafe Provisional,STRAIGHT PARTY 1,,ALN,Alliance,0,0,0,0,0,0,0
Jasper,COOSAWHATCHIE,STRAIGHT PARTY 1,,LIB,Libertarian,0,0,0,0,0,0,0
Jasper,GILLISONVILLE,STRAIGHT PARTY 1,,LIB,Libertarian,3,0,0,0,0,0,3
Jasper,GRAHAMVILLE 1,STRAIGHT PARTY 1,,LIB,Libertarian,2,0,0,0,0,2,0
Jasper,GRAHAMVILLE 2,STRAIGHT PARTY 1,,LIB,Libertarian,1,0,0,0,0,0,1
Jasper,GRAYS,STRAIGHT PARTY 1,,LIB,Libertarian,2,0,0,0,0,0,2
Jasper,HARDEEVILLE 1,STRAIGHT PARTY 1,,LIB,Libertarian,0,0,0,0,0,0,0
Jasper,HARDEEVILLE 2,STRAIGHT PARTY 1,,LIB,Libertarian,0,0,0,0,0,0,0
Jasper,LEVY,STRAIGHT PARTY 1,,LIB,Libertarian,4,0,0,0,0,0,4
Jasper,OAKATIE,STRAIGHT PARTY 1,,LIB,Libertarian,2,2,0,0,0,0,0
Jasper,PINELAND,STRAIGHT PARTY 1,,LIB,Libertarian,0,0,0,0,0,0,0
Jasper,RIDGELAND 1,STRAIGHT PARTY 1,,LIB,Libertarian,0,0,0,0,0,0,0
Jasper,RIDGELAND 2,STRAIGHT PARTY 1,,LIB,Libertarian,6,2,0,0,0,0,4
Jasper,TILLMAN,STRAIGHT PARTY 1,,LIB,Libertarian,0,0,0,0,0,0,0
Jasper,RIDGELAND 3,STRAIGHT PARTY 1,,LIB,Libertarian,0,0,0,0,0,0,0
Jasper,SUN CITY,STRAIGHT PARTY 1,,LIB,Libertarian,1,1,0,0,0,0,0
Jasper,Failsafe,STRAIGHT PARTY 1,,LIB,Libertarian,0,0,0,0,0,0,0
Jasper,Provisional,STRAIGHT PARTY 1,,LIB,Libertarian,0,0,0,0,0,0,0
Jasper,Failsafe Provisional,STRAIGHT PARTY 1,,LIB,Libertarian,0,0,0,0,0,0,0
Jasper,COOSAWHATCHIE,STRAIGHT PARTY 1,,DEM,Democratic,204,39,0,0,0,55,110
Jasper,GILLISONVILLE,STRAIGHT PARTY 1,,DEM,Democratic,208,94,0,0,0,30,84
Jasper,GRAHAMVILLE 1,STRAIGHT PARTY 1,,DEM,Democratic,283,149,0,0,0,41,93
Jasper,GRAHAMVILLE 2,STRAIGHT PARTY 1,,DEM,Democratic,765,382,0,0,0,108,275
Jasper,GRAYS,STRAIGHT PARTY 1,,DEM,Democratic,96,31,0,0,0,15,50
Jasper,HARDEEVILLE 1,STRAIGHT PARTY 1,,DEM,Democratic,408,189,0,0,0,69,150
Jasper,HARDEEVILLE 2,STRAIGHT PARTY 1,,DEM,Democratic,292,103,0,0,0,32,157
Jasper,LEVY,STRAIGHT PARTY 1,,DEM,Democratic,625,226,0,0,0,61,338
Jasper,OAKATIE,STRAIGHT PARTY 1,,DEM,Democratic,337,153,0,0,0,42,142
Jasper,PINELAND,STRAIGHT PARTY 1,,DEM,Democratic,372,137,0,0,0,38,197
Jasper,RIDGELAND 1,STRAIGHT PARTY 1,,DEM,Democratic,141,76,0,0,0,11,54
Jasper,RIDGELAND 2,STRAIGHT PARTY 1,,DEM,Democratic,287,144,0,0,0,36,107
Jasper,TILLMAN,STRAIGHT PARTY 1,,DEM,Democratic,258,117,0,0,0,35,106
Jasper,RIDGELAND 3,STRAIGHT PARTY 1,,DEM,Democratic,150,74,0,0,0,30,46
Jasper,SUN CITY,STRAIGHT PARTY 1,,DEM,Democratic,414,157,0,0,0,147,110
Jasper,Failsafe,STRAIGHT PARTY 1,,DEM,Democratic,5,0,0,0,5,0,0
Jasper,Provisional,STRAIGHT PARTY 1,,DEM,Democratic,11,0,0,11,0,0,0
Jasper,Failsafe Provisional,STRAIGHT PARTY 1,,DEM,Democratic,0,0,0,0,0,0,0
Jasper,COOSAWHATCHIE,President,,GRN,Howie Hawkins | Angela Walker,2,0,0,0,0,0,2
Jasper,GILLISONVILLE,President,,GRN,Howie Hawkins | Angela Walker,1,1,0,0,0,0,0
Jasper,GRAHAMVILLE 1,President,,GRN,Howie Hawkins | Angela Walker,4,0,0,0,0,0,4
Jasper,GRAHAMVILLE 2,President,,GRN,Howie Hawkins | Angela Walker,4,3,0,0,0,0,1
Jasper,GRAYS,President,,GRN,Howie Hawkins | Angela Walker,1,0,0,0,0,0,1
Jasper,HARDEEVILLE 1,President,,GRN,Howie Hawkins | Angela Walker,1,0,0,0,0,0,1
Jasper,HARDEEVILLE 2,President,,GRN,Howie Hawkins | Angela Walker,2,0,0,0,0,0,2
Jasper,LEVY,President,,GRN,Howie Hawkins | Angela Walker,2,0,0,0,0,0,2
Jasper,OAKATIE,President,,GRN,Howie Hawkins | Angela Walker,5,0,0,0,0,0,5
Jasper,PINELAND,President,,GRN,Howie Hawkins | Angela Walker,1,1,0,0,0,0,0
Jasper,RIDGELAND 1,President,,GRN,Howie Hawkins | Angela Walker,0,0,0,0,0,0,0
Jasper,RIDGELAND 2,President,,GRN,Howie Hawkins | Angela Walker,1,1,0,0,0,0,0
Jasper,TILLMAN,President,,GRN,Howie Hawkins | Angela Walker,3,1,0,0,0,0,2
Jasper,RIDGELAND 3,President,,GRN,Howie Hawkins | Angela Walker,1,0,0,0,0,0,1
Jasper,SUN CITY,President,,GRN,Howie Hawkins | Angela Walker,4,0,0,0,0,3,1
Jasper,Failsafe,President,,GRN,Howie Hawkins | Angela Walker,0,0,0,0,0,0,0
Jasper,Provisional,President,,GRN,Howie Hawkins | Angela Walker,0,0,0,0,0,0,0
Jasper,Failsafe Provisional,President,,GRN,Howie Hawkins | Angela Walker,0,0,0,0,0,0,0
Jasper,COOSAWHATCHIE,President,,REP,Donald J Trump | Michael R Pence,108,25,0,0,0,7,76
Jasper,GILLISONVILLE,President,,REP,Donald J Trump | Michael R Pence,212,49,0,0,0,15,148
Jasper,GRAHAMVILLE 1,President,,REP,Donald J Trump | Michael R Pence,548,164,0,0,0,38,346
Jasper,GRAHAMVILLE 2,President,,REP,Donald J Trump | Michael R Pence,536,171,0,0,0,38,327
Jasper,GRAYS,President,,REP,Donald J Trump | Michael R Pence,440,41,0,0,0,28,371
Jasper,HARDEEVILLE 1,President,,REP,Donald J Trump | Michael R Pence,907,372,0,0,0,132,403
Jasper,HARDEEVILLE 2,President,,REP,Donald J Trump | Michael R Pence,198,44,0,0,0,19,135
Jasper,LEVY,President,,REP,Donald J Trump | Michael R Pence,443,102,0,0,0,31,310
Jasper,OAKATIE,President,,REP,Donald J Trump | Michael R Pence,674,201,0,0,0,104,369
Jasper,PINELAND,President,,REP,Donald J Trump | Michael R Pence,67,17,0,0,0,3,47
Jasper,RIDGELAND 1,President,,REP,Donald J Trump | Michael R Pence,467,185,0,0,0,22,260
Jasper,RIDGELAND 2,President,,REP,Donald J Trump | Michael R Pence,321,118,0,0,0,28,175
Jasper,TILLMAN,President,,REP,Donald J Trump | Michael R Pence,209,36,0,0,0,16,157
Jasper,RIDGELAND 3,President,,REP,Donald J Trump | Michael R Pence,364,125,0,0,0,12,227
Jasper,SUN CITY,President,,REP,Donald J Trump | Michael R Pence,1571,532,0,0,0,470,569
Jasper,Failsafe,President,,REP,Donald J Trump | Michael R Pence,2,0,0,0,2,0,0
Jasper,Provisional,President,,REP,Donald J Trump | Michael R Pence,11,0,0,11,0,0,0
Jasper,Failsafe Provisional,President,,REP,Donald J Trump | Michael R Pence,0,0,0,0,0,0,0
Jasper,COOSAWHATCHIE,President,,ALN,ALN Roque Rocky De La Fuente | Darcy G Richardson,0,0,0,0,0,0,0
Jasper,GILLISONVILLE,President,,ALN,ALN Roque Rocky De La Fuente | Darcy G Richardson,0,0,0,0,0,0,0
Jasper,GRAHAMVILLE 1,President,,ALN,ALN Roque Rocky De La Fuente | Darcy G Richardson,0,0,0,0,0,0,0
Jasper,GRAHAMVILLE 2,President,,ALN,ALN Roque Rocky De La Fuente | Darcy G Richardson,0,0,0,0,0,0,0
Jasper,GRAYS,President,,ALN,ALN Roque Rocky De La Fuente | Darcy G Richardson,0,0,0,0,0,0,0
Jasper,HARDEEVILLE 1,President,,ALN,ALN Roque Rocky De La Fuente | Darcy G Richardson,1,1,0,0,0,0,0
Jasper,HARDEEVILLE 2,President,,ALN,ALN Roque Rocky De La Fuente | Darcy G Richardson,0,0,0,0,0,0,0
Jasper,LEVY,President,,ALN,ALN Roque Rocky De La Fuente | Darcy G Richardson,0,0,0,0,0,0,0
Jasper,OAKATIE,President,,ALN,ALN Roque Rocky De La Fuente | Darcy G Richardson,1,0,0,0,0,1,0
Jasper,PINELAND,President,,ALN,ALN Roque Rocky De La Fuente | Darcy G Richardson,4,1,0,0,0,2,1
Jasper,RIDGELAND 1,President,,ALN,ALN Roque Rocky De La Fuente | Darcy G Richardson,0,0,0,0,0,0,0
Jasper,RIDGELAND 2,President,,ALN,ALN Roque Rocky De La Fuente | Darcy G Richardson,0,0,0,0,0,0,0
Jasper,TILLMAN,President,,ALN,ALN Roque Rocky De La Fuente | Darcy G Richardson,0,0,0,0,0,0,0
Jasper,RIDGELAND 3,President,,ALN,ALN Roque Rocky De La Fuente | Darcy G Richardson,0,0,0,0,0,0,0
Jasper,SUN CITY,President,,ALN,ALN Roque Rocky De La Fuente | Darcy G Richardson,1,0,0,0,0,0,1
Jasper,Failsafe,President,,ALN,ALN Roque Rocky De La Fuente | Darcy G Richardson,0,0,0,0,0,0,0
Jasper,Provisional,President,,ALN,ALN Roque Rocky De La Fuente | Darcy G Richardson,0,0,0,0,0,0,0
Jasper,Failsafe Provisional,President,,ALN,ALN Roque Rocky De La Fuente | Darcy G Richardson,0,0,0,0,0,0,0
Jasper,COOSAWHATCHIE,President,,LIB,Jo Jorgensen | Jeremy Spike Cohen,0,0,0,0,0,0,0
Jasper,GILLISONVILLE,President,,LIB,Jo Jorgensen | Jeremy Spike Cohen,3,0,0,0,0,0,3
Jasper,GRAHAMVILLE 1,President,,LIB,Jo Jorgensen | Jeremy Spike Cohen,2,0,0,0,0,1,1
Jasper,GRAHAMVILLE 2,President,,LIB,Jo Jorgensen | Jeremy Spike Cohen,11,3,0,0,0,1,7
Jasper,GRAYS,President,,LIB,Jo Jorgensen | Jeremy Spike Cohen,4,0,0,0,0,0,4
Jasper,HARDEEVILLE 1,President,,LIB,Jo Jorgensen | Jeremy Spike Cohen,5,1,0,0,0,1,3
Jasper,HARDEEVILLE 2,President,,LIB,Jo Jorgensen | Jeremy Spike Cohen,2,0,0,0,0,0,2
Jasper,LEVY,President,,LIB,Jo Jorgensen | Jeremy Spike Cohen,10,1,0,0,0,1,8
Jasper,OAKATIE,President,,LIB,Jo Jorgensen | Jeremy Spike Cohen,22,6,0,0,0,2,14
Jasper,PINELAND,President,,LIB,Jo Jorgensen | Jeremy Spike Cohen,1,0,0,0,0,0,1
Jasper,RIDGELAND 1,President,,LIB,Jo Jorgensen | Jeremy Spike Cohen,4,2,0,0,0,2,0
Jasper,RIDGELAND 2,President,,LIB,Jo Jorgensen | Jeremy Spike Cohen,10,3,0,0,0,0,7
Jasper,TILLMAN,President,,LIB,Jo Jorgensen | Jeremy Spike Cohen,2,2,0,0,0,0,0
Jasper,RIDGELAND 3,President,,LIB,Jo Jorgensen | Jeremy Spike Cohen,4,1,0,0,0,2,1
Jasper,SUN CITY,President,,LIB,Jo Jorgensen | Jeremy Spike Cohen,12,2,0,0,0,7,3
Jasper,Failsafe,President,,LIB,Jo Jorgensen | Jeremy Spike Cohen,0,0,0,0,0,0,0
Jasper,Provisional,President,,LIB,Jo Jorgensen | Jeremy Spike Cohen,0,0,0,0,0,0,0
Jasper,Failsafe Provisional,President,,LIB,Jo Jorgensen | Jeremy Spike Cohen,0,0,0,0,0,0,0
Jasper,COOSAWHATCHIE,President,,DEM,Joseph R Biden | Kamala D Harris,300,48,0,0,0,111,141
Jasper,GILLISONVILLE,President,,DEM,Joseph R Biden | Kamala D Harris,271,112,0,0,0,45,114
Jasper,GRAHAMVILLE 1,President,,DEM,Joseph R Biden | Kamala D Harris,384,189,0,0,0,64,131
Jasper,GRAHAMVILLE 2,President,,DEM,Joseph R Biden | Kamala D Harris,1022,471,0,0,0,161,390
Jasper,GRAYS,President,,DEM,Joseph R Biden | Kamala D Harris,139,43,0,0,0,27,69
Jasper,HARDEEVILLE 1,President,,DEM,Joseph R Biden | Kamala D Harris,692,292,0,0,0,164,236
Jasper,HARDEEVILLE 2,President,,DEM,Joseph R Biden | Kamala D Harris,363,121,0,0,0,42,200
Jasper,LEVY,President,,DEM,Joseph R Biden | Kamala D Harris,811,269,0,0,0,128,414
Jasper,OAKATIE,President,,DEM,Joseph R Biden | Kamala D Harris,538,194,0,0,0,117,227
Jasper,PINELAND,President,,DEM,Joseph R Biden | Kamala D Harris,475,167,0,0,0,68,240
Jasper,RIDGELAND 1,President,,DEM,Joseph R Biden | Kamala D Harris,205,102,0,0,0,23,80
Jasper,RIDGELAND 2,President,,DEM,Joseph R Biden | Kamala D Harris,388,184,0,0,0,71,133
Jasper,TILLMAN,President,,DEM,Joseph R Biden | Kamala D Harris,331,141,0,0,0,47,143
Jasper,RIDGELAND 3,President,,DEM,Joseph R Biden | Kamala D Harris,208,98,0,0,0,45,65
Jasper,SUN CITY,President,,DEM,Joseph R Biden | Kamala D Harris,1036,283,0,0,0,555,198
Jasper,Failsafe,President,,DEM,Joseph R Biden | Kamala D Harris,5,0,0,0,5,0,0
Jasper,Provisional,President,,DEM,Joseph R Biden | Kamala D Harris,17,0,0,17,0,0,0
Jasper,Failsafe Provisional,President,,DEM,Joseph R Biden | Kamala D Harris,0,0,0,0,0,0,0
Jasper,COOSAWHATCHIE,U.S. Senate,,CON,Bill Bledsoe,2,0,0,0,0,0,2
Jasper,GILLISONVILLE,U.S. Senate,,CON,Bill Bledsoe,5,1,0,0,0,0,4
Jasper,GRAHAMVILLE 1,U.S. Senate,,CON,Bill Bledsoe,13,4,0,0,0,1,8
Jasper,GRAHAMVILLE 2,U.S. Senate,,CON,Bill Bledsoe,20,4,0,0,0,0,16
Jasper,GRAYS,U.S. Senate,,CON,Bill Bledsoe,14,1,0,0,0,0,13
Jasper,HARDEEVILLE 1,U.S. Senate,,CON,Bill Bledsoe,18,6,0,0,0,2,10
Jasper,HARDEEVILLE 2,U.S. Senate,,CON,Bill Bledsoe,3,0,0,0,0,0,3
Jasper,LEVY,U.S. Senate,,CON,Bill Bledsoe,11,2,0,0,0,1,8
Jasper,OAKATIE,U.S. Senate,,CON,Bill Bledsoe,17,4,0,0,0,2,11
Jasper,PINELAND,U.S. Senate,,CON,Bill Bledsoe,2,1,0,0,0,1,0
Jasper,RIDGELAND 1,U.S. Senate,,CON,Bill Bledsoe,13,4,0,0,0,2,7
Jasper,RIDGELAND 2,U.S. Senate,,CON,Bill Bledsoe,13,4,0,0,0,0,9
Jasper,TILLMAN,U.S. Senate,,CON,Bill Bledsoe,15,3,0,0,0,0,12
Jasper,RIDGELAND 3,U.S. Senate,,CON,Bill Bledsoe,12,2,0,0,0,0,10
Jasper,SUN CITY,U.S. Senate,,CON,Bill Bledsoe,12,1,0,0,0,6,5
Jasper,Failsafe,U.S. Senate,,CON,Bill Bledsoe,0,0,0,0,0,0,0
Jasper,Provisional,U.S. Senate,,CON,Bill Bledsoe,0,0,0,0,0,0,0
Jasper,Failsafe Provisional,U.S. Senate,,CON,Bill Bledsoe,0,0,0,0,0,0,0
Jasper,COOSAWHATCHIE,U.S. Senate,,REP,Lindsey Graham,108,24,0,0,0,9,75
Jasper,GILLISONVILLE,U.S. Senate,,REP,Lindsey Graham,210,47,0,0,0,14,149
Jasper,GRAHAMVILLE 1,U.S. Senate,,REP,Lindsey Graham,528,157,0,0,0,36,335
Jasper,GRAHAMVILLE 2,U.S. Senate,,REP,Lindsey Graham,503,164,0,0,0,37,302
Jasper,GRAYS,U.S. Senate,,REP,Lindsey Graham,426,37,0,0,0,26,363
Jasper,HARDEEVILLE 1,U.S. Senate,,REP,Lindsey Graham,892,369,0,0,0,131,392
Jasper,HARDEEVILLE 2,U.S. Senate,,REP,Lindsey Graham,191,45,0,0,0,18,128
Jasper,LEVY,U.S. Senate,,REP,Lindsey Graham,435,101,0,0,0,31,303
Jasper,OAKATIE,U.S. Senate,,REP,Lindsey Graham,650,196,0,0,0,107,347
Jasper,PINELAND,U.S. Senate,,REP,Lindsey Graham,64,19,0,0,0,5,40
Jasper,RIDGELAND 1,U.S. Senate,,REP,Lindsey Graham,447,178,0,0,0,22,247
Jasper,RIDGELAND 2,U.S. Senate,,REP,Lindsey Graham,302,113,0,0,0,28,161
Jasper,TILLMAN,U.S. Senate,,REP,Lindsey Graham,195,33,0,0,0,14,148
Jasper,RIDGELAND 3,U.S. Senate,,REP,Lindsey Graham,345,123,0,0,0,12,210
Jasper,SUN CITY,U.S. Senate,,REP,Lindsey Graham,1631,541,0,0,0,503,587
Jasper,Failsafe,U.S. Senate,,REP,Lindsey Graham,1,0,0,0,1,0,0
Jasper,Provisional,U.S. Senate,,REP,Lindsey Graham,11,0,0,11,0,0,0
Jasper,Failsafe Provisional,U.S. Senate,,REP,Lindsey Graham,0,0,0,0,0,0,0
Jasper,COOSAWHATCHIE,U.S. Senate,,DEM,Jaime Harrison,301,49,0,0,0,108,144
Jasper,GILLISONVILLE,U.S. Senate,,DEM,Jaime Harrison,272,114,0,0,0,46,112
Jasper,GRAHAMVILLE 1,U.S. Senate,,DEM,Jaime Harrison,399,196,0,0,0,66,137
Jasper,GRAHAMVILLE 2,U.S. Senate,,DEM,Jaime Harrison,1053,483,0,0,0,160,410
Jasper,GRAYS,U.S. Senate,,DEM,Jaime Harrison,148,47,0,0,0,28,73
Jasper,HARDEEVILLE 1,U.S. Senate,,DEM,Jaime Harrison,695,293,0,0,0,162,240
Jasper,HARDEEVILLE 2,U.S. Senate,,DEM,Jaime Harrison,370,121,0,0,0,42,207
Jasper,LEVY,U.S. Senate,,DEM,Jaime Harrison,820,270,0,0,0,127,423
Jasper,OAKATIE,U.S. Senate,,DEM,Jaime Harrison,568,203,0,0,0,113,252
Jasper,PINELAND,U.S. Senate,,DEM,Jaime Harrison,479,168,0,0,0,68,243
Jasper,RIDGELAND 1,U.S. Senate,,DEM,Jaime Harrison,218,107,0,0,0,23,88
Jasper,RIDGELAND 2,U.S. Senate,,DEM,Jaime Harrison,407,190,0,0,0,71,146
Jasper,TILLMAN,U.S. Senate,,DEM,Jaime Harrison,334,145,0,0,0,49,140
Jasper,RIDGELAND 3,U.S. Senate,,DEM,Jaime Harrison,221,102,0,0,0,46,73
Jasper,SUN CITY,U.S. Senate,,DEM,Jaime Harrison,994,278,0,0,0,531,185
Jasper,Failsafe,U.S. Senate,,DEM,Jaime Harrison,6,0,0,0,6,0,0
Jasper,Provisional,U.S. Senate,,DEM,Jaime Harrison,17,0,0,17,0,0,0
Jasper,Failsafe Provisional,U.S. Senate,,DEM,Jaime Harrison,0,0,0,0,0,0,0
Jasper,COOSAWHATCHIE,U.S. Senate,,NON,Write-In,0,0,0,0,0,0,0
Jasper,GILLISONVILLE,U.S. Senate,,NON,Write-In,0,0,0,0,0,0,0
Jasper,GRAHAMVILLE 1,U.S. Senate,,NON,Write-In,0,0,0,0,0,0,0
Jasper,GRAHAMVILLE 2,U.S. Senate,,NON,Write-In,0,0,0,0,0,0,0
Jasper,GRAYS,U.S. Senate,,NON,Write-In,1,0,0,0,0,1,0
Jasper,HARDEEVILLE 1,U.S. Senate,,NON,Write-In,0,0,0,0,0,0,0
Jasper,HARDEEVILLE 2,U.S. Senate,,NON,Write-In,0,0,0,0,0,0,0
Jasper,LEVY,U.S. Senate,,NON,Write-In,1,0,0,0,0,1,0
Jasper,OAKATIE,U.S. Senate,,NON,Write-In,3,0,0,0,0,0,3
Jasper,PINELAND,U.S. Senate,,NON,Write-In,0,0,0,0,0,0,0
Jasper,RIDGELAND 1,U.S. Senate,,NON,Write-In,0,0,0,0,0,0,0
Jasper,RIDGELAND 2,U.S. Senate,,NON,Write-In,0,0,0,0,0,0,0
Jasper,TILLMAN,U.S. Senate,,NON,Write-In,0,0,0,0,0,0,0
Jasper,RIDGELAND 3,U.S. Senate,,NON,Write-In,0,0,0,0,0,0,0
Jasper,SUN CITY,U.S. Senate,,NON,Write-In,0,0,0,0,0,0,0
Jasper,Failsafe,U.S. Senate,,NON,Write-In,0,0,0,0,0,0,0
Jasper,Provisional,U.S. Senate,,NON,Write-In,0,0,0,0,0,0,0
Jasper,Failsafe Provisional,U.S. Senate,,NON,Write-In,0,0,0,0,0,0,0
Jasper,COOSAWHATCHIE,U.S. House,6,CON,Mark Hackett,4,0,0,0,0,1,3
Jasper,GILLISONVILLE,U.S. House,6,CON,Mark Hackett,10,3,0,0,0,1,6
Jasper,GRAHAMVILLE 1,U.S. House,6,CON,Mark Hackett,5,3,0,0,0,0,2
Jasper,GRAHAMVILLE 2,U.S. House,6,CON,Mark Hackett,26,7,0,0,0,1,18
Jasper,GRAYS,U.S. House,6,CON,Mark Hackett,5,1,0,0,0,0,4
Jasper,HARDEEVILLE 1,U.S. House,6,CON,Mark Hackett,17,5,0,0,0,1,11
Jasper,HARDEEVILLE 2,U.S. House,6,CON,Mark Hackett,2,0,0,0,0,0,2
Jasper,LEVY,U.S. House,6,CON,Mark Hackett,13,1,0,0,0,6,6
Jasper,OAKATIE,U.S. House,6,CON,Mark Hackett,17,3,0,0,0,2,12
Jasper,PINELAND,U.S. House,6,CON,Mark Hackett,3,0,0,0,0,1,2
Jasper,RIDGELAND 1,U.S. House,6,CON,Mark Hackett,4,2,0,0,0,0,2
Jasper,RIDGELAND 2,U.S. House,6,CON,Mark Hackett,18,4,0,0,0,0,14
Jasper,TILLMAN,U.S. House,6,CON,Mark Hackett,5,1,0,0,0,0,4
Jasper,RIDGELAND 3,U.S. House,6,CON,Mark Hackett,6,2,0,0,0,0,4
Jasper,SUN CITY,U.S. House,6,CON,Mark Hackett,10,1,0,0,0,3,6
Jasper,Failsafe,U.S. House,6,CON,Mark Hackett,0,0,0,0,0,0,0
Jasper,Provisional,U.S. House,6,CON,Mark Hackett,1,0,0,1,0,0,0
Jasper,Failsafe Provisional,U.S. House,6,CON,Mark Hackett,0,0,0,0,0,0,0
Jasper,COOSAWHATCHIE,U.S. House,6,REP,John McCollum,107,24,0,0,0,7,76
Jasper,GILLISONVILLE,U.S. House,6,REP,John McCollum,202,45,0,0,0,13,144
Jasper,GRAHAMVILLE 1,U.S. House,6,REP,John McCollum,547,164,0,0,0,42,341
Jasper,GRAHAMVILLE 2,U.S. House,6,REP,John McCollum,499,162,0,0,0,36,301
Jasper,GRAYS,U.S. House,6,REP,John McCollum,425,41,0,0,0,26,358
Jasper,HARDEEVILLE 1,U.S. House,6,REP,John McCollum,923,386,0,0,0,136,401
Jasper,HARDEEVILLE 2,U.S. House,6,REP,John McCollum,195,45,0,0,0,19,131
Jasper,LEVY,U.S. House,6,REP,John McCollum,434,103,0,0,0,27,304
Jasper,OAKATIE,U.S. House,6,REP,John McCollum,682,208,0,0,0,105,369
Jasper,PINELAND,U.S. House,6,REP,John McCollum,67,19,0,0,0,6,42
Jasper,RIDGELAND 1,U.S. House,6,REP,John McCollum,462,187,0,0,0,23,252
Jasper,RIDGELAND 2,U.S. House,6,REP,John McCollum,302,117,0,0,0,25,160
Jasper,TILLMAN,U.S. House,6,REP,John McCollum,207,39,0,0,0,13,155
Jasper,RIDGELAND 3,U.S. House,6,REP,John McCollum,350,121,0,0,0,11,218
Jasper,SUN CITY,U.S. House,6,REP,John McCollum,1644,543,0,0,0,513,588
Jasper,Failsafe,U.S. House,6,REP,John McCollum,2,0,0,0,2,0,0
Jasper,Provisional,U.S. House,6,REP,John McCollum,11,0,0,11,0,0,0
Jasper,Failsafe Provisional,U.S. House,6,REP,John McCollum,0,0,0,0,0,0,0
Jasper,COOSAWHATCHIE,U.S. House,6,DEM,James E Jim Clyburn,300,48,0,0,0,110,142
Jasper,GILLISONVILLE,U.S. House,6,DEM,James E Jim Clyburn,274,113,0,0,0,46,115
Jasper,GRAHAMVILLE 1,U.S. House,6,DEM,James E Jim Clyburn,387,190,0,0,0,61,136
Jasper,GRAHAMVILLE 2,U.S. House,6,DEM,James E Jim Clyburn,1041,482,0,0,0,156,403
Jasper,GRAYS,U.S. House,6,DEM,James E Jim Clyburn,151,43,0,0,0,28,80
Jasper,HARDEEVILLE 1,U.S. House,6,DEM,James E Jim Clyburn,657,275,0,0,0,153,229
Jasper,HARDEEVILLE 2,U.S. House,6,DEM,James E Jim Clyburn,366,121,0,0,0,41,204
Jasper,LEVY,U.S. House,6,DEM,James E Jim Clyburn,813,269,0,0,0,128,416
Jasper,OAKATIE,U.S. House,6,DEM,James E Jim Clyburn,528,192,0,0,0,108,228
Jasper,PINELAND,U.S. House,6,DEM,James E Jim Clyburn,473,167,0,0,0,66,240
Jasper,RIDGELAND 1,U.S. House,6,DEM,James E Jim Clyburn,208,100,0,0,0,24,84
Jasper,RIDGELAND 2,U.S. House,6,DEM,James E Jim Clyburn,399,185,0,0,0,72,142
Jasper,TILLMAN,U.S. House,6,DEM,James E Jim Clyburn,330,142,0,0,0,49,139
Jasper,RIDGELAND 3,U.S. House,6,DEM,James E Jim Clyburn,216,102,0,0,0,46,68
Jasper,SUN CITY,U.S. House,6,DEM,James E Jim Clyburn,959,274,0,0,0,504,181
Jasper,Failsafe,U.S. House,6,DEM,James E Jim Clyburn,5,0,0,0,5,0,0
Jasper,Provisional,U.S. House,6,DEM,James E Jim Clyburn,16,0,0,16,0,0,0
Jasper,Failsafe Provisional,U.S. House,6,DEM,James E Jim Clyburn,0,0,0,0,0,0,0
Jasper,COOSAWHATCHIE,U.S. House,6,NON,Write-In,0,0,0,0,0,0,0
Jasper,GILLISONVILLE,U.S. House,6,NON,Write-In,0,0,0,0,0,0,0
Jasper,GRAHAMVILLE 1,U.S. House,6,NON,Write-In,0,0,0,0,0,0,0
Jasper,GRAHAMVILLE 2,U.S. House,6,NON,Write-In,1,0,0,0,0,1,0
Jasper,GRAYS,U.S. House,6,NON,Write-In,1,0,0,0,0,0,1
Jasper,HARDEEVILLE 1,U.S. House,6,NON,Write-In,0,0,0,0,0,0,0
Jasper,HARDEEVILLE 2,U.S. House,6,NON,Write-In,0,0,0,0,0,0,0
Jasper,LEVY,U.S. House,6,NON,Write-In,2,0,0,0,0,1,1
Jasper,OAKATIE,U.S. House,6,NON,Write-In,0,0,0,0,0,0,0
Jasper,PINELAND,U.S. House,6,NON,Write-In,1,0,0,0,0,0,1
Jasper,RIDGELAND 1,U.S. House,6,NON,Write-In,0,0,0,0,0,0,0
Jasper,RIDGELAND 2,U.S. House,6,NON,Write-In,0,0,0,0,0,0,0
Jasper,TILLMAN,U.S. House,6,NON,Write-In,0,0,0,0,0,0,0
Jasper,RIDGELAND 3,U.S. House,6,NON,Write-In,0,0,0,0,0,0,0
Jasper,SUN CITY,U.S. House,6,NON,Write-In,1,0,0,0,0,1,0
Jasper,Failsafe,U.S. House,6,NON,Write-In,0,0,0,0,0,0,0
Jasper,Provisional,U.S. House,6,NON,Write-In,0,0,0,0,0,0,0
Jasper,Failsafe Provisional,U.S. House,6,NON,Write-In,0,0,0,0,0,0,0
Jasper,COOSAWHATCHIE,State Senate,45,REP,Rodney Buncum,109,25,0,0,0,9,75
Jasper,GILLISONVILLE,State Senate,45,REP,Rodney Buncum,201,47,0,0,0,14,140
Jasper,GRAHAMVILLE 1,State Senate,45,REP,Rodney Buncum,118,29,0,0,0,5,84
Jasper,GRAHAMVILLE 2,State Senate,45,REP,Rodney Buncum,521,168,0,0,0,38,315
Jasper,GRAYS,State Senate,45,REP,Rodney Buncum,427,40,0,0,0,26,361
Jasper,HARDEEVILLE 1,State Senate,45,REP,Rodney Buncum,248,52,0,0,0,41,155
Jasper,HARDEEVILLE 2,State Senate,45,REP,Rodney Buncum,202,46,0,0,0,18,138
Jasper,LEVY,State Senate,45,REP,Rodney Buncum,438,103,0,0,0,27,308
Jasper,PINELAND,State Senate,45,REP,Rodney Buncum,68,18,0,0,0,8,42
Jasper,RIDGELAND 1,State Senate,45,REP,Rodney Buncum,456,185,0,0,0,21,250
Jasper,RIDGELAND 2,State Senate,45,REP,Rodney Buncum,310,118,0,0,0,24,168
Jasper,TILLMAN,State Senate,45,REP,Rodney Buncum,200,37,0,0,0,11,152
Jasper,RIDGELAND 3,State Senate,45,REP,Rodney Buncum,344,121,0,0,0,10,213
Jasper,Failsafe,State Senate,45,REP,Rodney Buncum,0,0,0,0,0,0,0
Jasper,Provisional,State Senate,45,REP,Rodney Buncum,9,0,0,9,0,0,0
Jasper,Failsafe Provisional,State Senate,45,REP,Rodney Buncum,0,0,0,0,0,0,0
Jasper,COOSAWHATCHIE,State Senate,45,DEM,Margie Bright Matthews,302,47,0,0,0,109,146
Jasper,GILLISONVILLE,State Senate,45,DEM,Margie Bright Matthews,281,112,0,0,0,46,123
Jasper,GRAHAMVILLE 1,State Senate,45,DEM,Margie Bright Matthews,175,88,0,0,0,29,58
Jasper,GRAHAMVILLE 2,State Senate,45,DEM,Margie Bright Matthews,1041,481,0,0,0,156,404
Jasper,GRAYS,State Senate,45,DEM,Margie Bright Matthews,154,45,0,0,0,28,81
Jasper,HARDEEVILLE 1,State Senate,45,DEM,Margie Bright Matthews,410,156,0,0,0,54,200
Jasper,HARDEEVILLE 2,State Senate,45,DEM,Margie Bright Matthews,361,120,0,0,0,41,200
Jasper,LEVY,State Senate,45,DEM,Margie Bright Matthews,820,270,0,0,0,132,418
Jasper,PINELAND,State Senate,45,DEM,Margie Bright Matthews,475,169,0,0,0,65,241
Jasper,RIDGELAND 1,State Senate,45,DEM,Margie Bright Matthews,213,103,0,0,0,24,86
Jasper,RIDGELAND 2,State Senate,45,DEM,Margie Bright Matthews,409,188,0,0,0,73,148
Jasper,TILLMAN,State Senate,45,DEM,Margie Bright Matthews,341,145,0,0,0,51,145
Jasper,RIDGELAND 3,State Senate,45,DEM,Margie Bright Matthews,223,102,0,0,0,45,76
Jasper,Failsafe,State Senate,45,DEM,Margie Bright Matthews,0,0,0,0,0,0,0
Jasper,Provisional,State Senate,45,DEM,Margie Bright Matthews,18,0,0,18,0,0,0
Jasper,Failsafe Provisional,State Senate,45,DEM,Margie Bright Matthews,0,0,0,0,0,0,0
Jasper,COOSAWHATCHIE,State Senate,45,NON,Write-In,0,0,0,0,0,0,0
Jasper,GILLISONVILLE,State Senate,45,NON,Write-In,0,0,0,0,0,0,0
Jasper,GRAHAMVILLE 1,State Senate,45,NON,Write-In,0,0,0,0,0,0,0
Jasper,GRAHAMVILLE 2,State Senate,45,NON,Write-In,0,0,0,0,0,0,0
Jasper,GRAYS,State Senate,45,NON,Write-In,0,0,0,0,0,0,0
Jasper,HARDEEVILLE 1,State Senate,45,NON,Write-In,1,0,0,0,0,0,1
Jasper,HARDEEVILLE 2,State Senate,45,NON,Write-In,0,0,0,0,0,0,0
Jasper,LEVY,State Senate,45,NON,Write-In,2,0,0,0,0,1,1
Jasper,PINELAND,State Senate,45,NON,Write-In,0,0,0,0,0,0,0
Jasper,RIDGELAND 1,State Senate,45,NON,Write-In,0,0,0,0,0,0,0
Jasper,RIDGELAND 2,State Senate,45,NON,Write-In,0,0,0,0,0,0,0
Jasper,TILLMAN,State Senate,45,NON,Write-In,1,0,0,0,0,0,1
Jasper,RIDGELAND 3,State Senate,45,NON,Write-In,0,0,0,0,0,0,0
Jasper,Failsafe,State Senate,45,NON,Write-In,0,0,0,0,0,0,0
Jasper,Provisional,State Senate,45,NON,Write-In,0,0,0,0,0,0,0
Jasper,Failsafe Provisional,State Senate,45,NON,Write-In,0,0,0,0,0,0,0
Jasper,GRAHAMVILLE 1,State Senate,46,REP,Tom Davis,441,133,0,0,0,37,271
Jasper,HARDEEVILLE 1,State Senate,46,REP,Tom Davis,704,351,0,0,0,105,248
Jasper,OAKATIE,State Senate,46,REP,Tom Davis,714,207,0,0,0,126,381
Jasper,SUN CITY,State Senate,46,REP,Tom Davis,1787,577,0,0,0,599,611
Jasper,Failsafe,State Senate,46,REP,Tom Davis,0,0,0,0,0,0,0
Jasper,Provisional,State Senate,46,REP,Tom Davis,1,0,0,1,0,0,0
Jasper,Failsafe Provisional,State Senate,46,REP,Tom Davis,0,0,0,0,0,0,0
Jasper,GRAHAMVILLE 1,State Senate,46,DEM,Nathan Campbell,204,106,0,0,0,31,67
Jasper,HARDEEVILLE 1,State Senate,46,DEM,Nathan Campbell,228,106,0,0,0,87,35
Jasper,OAKATIE,State Senate,46,DEM,Nathan Campbell,507,194,0,0,0,89,224
Jasper,SUN CITY,State Senate,46,DEM,Nathan Campbell,828,242,0,0,0,424,162
Jasper,Failsafe,State Senate,46,DEM,Nathan Campbell,0,0,0,0,0,0,0
Jasper,Provisional,State Senate,46,DEM,Nathan Campbell,0,0,0,0,0,0,0
Jasper,Failsafe Provisional,State Senate,46,DEM,Nathan Campbell,0,0,0,0,0,0,0
Jasper,GRAHAMVILLE 1,State Senate,46,NON,Write-In,0,0,0,0,0,0,0
Jasper,HARDEEVILLE 1,State Senate,46,NON,Write-In,1,0,0,0,0,0,1
Jasper,OAKATIE,State Senate,46,NON,Write-In,1,1,0,0,0,0,0
Jasper,SUN CITY,State Senate,46,NON,Write-In,0,0,0,0,0,0,0
Jasper,Failsafe,State Senate,46,NON,Write-In,0,0,0,0,0,0,0
Jasper,Provisional,State Senate,46,NON,Write-In,0,0,0,0,0,0,0
Jasper,Failsafe Provisional,State Senate,46,NON,Write-In,0,0,0,0,0,0,0
Jasper,HARDEEVILLE 1,State House,118,REP,Bill Herbkersman,938,395,0,0,0,133,410
Jasper,HARDEEVILLE 2,State House,118,REP,Bill Herbkersman,115,18,0,0,0,11,86
Jasper,LEVY,State House,118,REP,Bill Herbkersman,463,111,0,0,0,38,314
Jasper,Failsafe,State House,118,REP,Bill Herbkersman,0,0,0,0,0,0,0
Jasper,Provisional,State House,118,REP,Bill Herbkersman,0,0,0,0,0,0,0
Jasper,Failsafe Provisional,State House,118,REP,Bill Herbkersman,0,0,0,0,0,0,0
Jasper,HARDEEVILLE 1,State House,118,DEM,Mitchell Siegel,648,269,0,0,0,149,230
Jasper,HARDEEVILLE 2,State House,118,DEM,Mitchell Siegel,255,91,0,0,0,28,136
Jasper,LEVY,State House,118,DEM,Mitchell Siegel,796,261,0,0,0,121,414
Jasper,Failsafe,State House,118,DEM,Mitchell Siegel,0,0,0,0,0,0,0
Jasper,Provisional,State House,118,DEM,Mitchell Siegel,0,0,0,0,0,0,0
Jasper,Failsafe Provisional,State House,118,DEM,Mitchell Siegel,0,0,0,0,0,0,0
Jasper,HARDEEVILLE 1,State House,118,NON,Write-In,0,0,0,0,0,0,0
Jasper,HARDEEVILLE 2,State House,118,NON,Write-In,0,0,0,0,0,0,0
Jasper,LEVY,State House,118,NON,Write-In,2,0,0,0,0,1,1
Jasper,Failsafe,State House,118,NON,Write-In,0,0,0,0,0,0,0
Jasper,Provisional,State House,118,NON,Write-In,0,0,0,0,0,0,0
Jasper,Failsafe Provisional,State House,118,NON,Write-In,0,0,0,0,0,0,0
Jasper,GRAHAMVILLE 1,State House,120,REP,Weston Newton,360,125,0,0,0,28,207
Jasper,OAKATIE,State House,120,REP,Weston Newton,869,277,0,0,0,130,462
Jasper,SUN CITY,State House,120,REP,Weston Newton,1952,635,0,0,0,646,671
Jasper,Failsafe,State House,120,REP,Weston Newton,0,0,0,0,0,0,0
Jasper,Provisional,State House,120,REP,Weston Newton,1,0,0,1,0,0,0
Jasper,Failsafe Provisional,State House,120,REP,Weston Newton,0,0,0,0,0,0,0
Jasper,GRAHAMVILLE 1,State House,120,NON,Write-In,4,3,0,0,0,0,1
Jasper,OAKATIE,State House,120,NON,Write-In,28,10,0,0,0,4,14
Jasper,SUN CITY,State House,120,NON,Write-In,17,10,0,0,0,4,3
Jasper,Failsafe,State House,120,NON,Write-In,0,0,0,0,0,0,0
Jasper,Provisional,State House,120,NON,Write-In,0,0,0,0,0,0,0
Jasper,Failsafe Provisional,State House,120,NON,Write-In,0,0,0,0,0,0,0
Jasper,COOSAWHATCHIE,State House,122,REP,Ashley Lawton,116,25,0,0,0,9,82
Jasper,GILLISONVILLE,State House,122,REP,Ashley Lawton,214,48,0,0,0,16,150
Jasper,GRAHAMVILLE 1,State House,122,REP,Ashley Lawton,240,54,0,0,0,15,171
Jasper,GRAHAMVILLE 2,State House,122,REP,Ashley Lawton,545,171,0,0,0,43,331
Jasper,GRAYS,State House,122,REP,Ashley Lawton,443,42,0,0,0,28,373
Jasper,HARDEEVILLE 2,State House,122,REP,Ashley Lawton,85,27,0,0,0,7,51
Jasper,PINELAND,State House,122,REP,Ashley Lawton,72,21,0,0,0,8,43
Jasper,RIDGELAND 1,State House,122,REP,Ashley Lawton,476,191,0,0,0,25,260
Jasper,RIDGELAND 2,State House,122,REP,Ashley Lawton,319,118,0,0,0,28,173
Jasper,TILLMAN,State House,122,REP,Ashley Lawton,214,40,0,0,0,17,157
Jasper,RIDGELAND 3,State House,122,REP,Ashley Lawton,366,130,0,0,0,11,225
Jasper,Failsafe,State House,122,REP,Ashley Lawton,0,0,0,0,0,0,0
Jasper,Provisional,State House,122,REP,Ashley Lawton,10,0,0,10,0,0,0
Jasper,Failsafe Provisional,State House,122,REP,Ashley Lawton,0,0,0,0,0,0,0
Jasper,COOSAWHATCHIE,State House,122,DEM,Shedron Hook Williams,294,48,0,0,0,108,138
Jasper,GILLISONVILLE,State House,122,DEM,Shedron Hook Williams,270,112,0,0,0,44,114
Jasper,GRAHAMVILLE 1,State House,122,DEM,Shedron Hook Williams,192,100,0,0,0,33,59
Jasper,GRAHAMVILLE 2,State House,122,DEM,Shedron Hook Williams,1022,479,0,0,0,153,390
Jasper,GRAYS,State House,122,DEM,Shedron Hook Williams,137,43,0,0,0,26,68
Jasper,HARDEEVILLE 2,State House,122,DEM,Shedron Hook Williams,107,29,0,0,0,14,64
Jasper,PINELAND,State House,122,DEM,Shedron Hook Williams,471,165,0,0,0,65,241
Jasper,RIDGELAND 1,State House,122,DEM,Shedron Hook Williams,193,96,0,0,0,21,76
Jasper,RIDGELAND 2,State House,122,DEM,Shedron Hook Williams,400,188,0,0,0,70,142
Jasper,TILLMAN,State House,122,DEM,Shedron Hook Williams,328,141,0,0,0,45,142
Jasper,RIDGELAND 3,State House,122,DEM,Shedron Hook Williams,206,95,0,0,0,45,66
Jasper,Failsafe,State House,122,DEM,Shedron Hook Williams,0,0,0,0,0,0,0
Jasper,Provisional,State House,122,DEM,Shedron Hook Williams,17,0,0,17,0,0,0
Jasper,Failsafe Provisional,State House,122,DEM,Shedron Hook Williams,0,0,0,0,0,0,0
Jasper,COOSAWHATCHIE,State House,122,NON,Write-In,0,0,0,0,0,0,0
Jasper,GILLISONVILLE,State House,122,NON,Write-In,0,0,0,0,0,0,0
Jasper,GRAHAMVILLE 1,State House,122,NON,Write-In,0,0,0,0,0,0,0
Jasper,GRAHAMVILLE 2,State House,122,NON,Write-In,0,0,0,0,0,0,0
Jasper,GRAYS,State House,122,NON,Write-In,0,0,0,0,0,0,0
Jasper,HARDEEVILLE 2,State House,122,NON,Write-In,0,0,0,0,0,0,0
Jasper,PINELAND,State House,122,NON,Write-In,0,0,0,0,0,0,0
Jasper,RIDGELAND 1,State House,122,NON,Write-In,1,1,0,0,0,0,0
Jasper,RIDGELAND 2,State House,122,NON,Write-In,0,0,0,0,0,0,0
Jasper,TILLMAN,State House,122,NON,Write-In,0,0,0,0,0,0,0
Jasper,RIDGELAND 3,State House,122,NON,Write-In,0,0,0,0,0,0,0
Jasper,Failsafe,State House,122,NON,Write-In,0,0,0,0,0,0,0
Jasper,Provisional,State House,122,NON,Write-In,0,0,0,0,0,0,0
Jasper,Failsafe Provisional,State House,122,NON,Write-In,0,0,0,0,0,0,0
Jasper,COOSAWHATCHIE,Solicitor, Circuit  14,REP,Duffie Stone,198,39,0,0,0,37,122
Jasper,GILLISONVILLE,Solicitor, Circuit  14,REP,Duffie Stone,286,70,0,0,0,26,190
Jasper,GRAHAMVILLE 1,Solicitor, Circuit  14,REP,Duffie Stone,649,204,0,0,0,49,396
Jasper,GRAHAMVILLE 2,Solicitor, Circuit  14,REP,Duffie Stone,815,297,0,0,0,66,452
Jasper,GRAYS,Solicitor, Circuit  14,REP,Duffie Stone,474,48,0,0,0,30,396
Jasper,HARDEEVILLE 1,Solicitor, Circuit  14,REP,Duffie Stone,1162,493,0,0,0,162,507
Jasper,HARDEEVILLE 2,Solicitor, Circuit  14,REP,Duffie Stone,288,72,0,0,0,23,193
Jasper,LEVY,Solicitor, Circuit  14,REP,Duffie Stone,658,164,0,0,0,55,439
Jasper,OAKATIE,Solicitor, Circuit  14,REP,Duffie Stone,874,279,0,0,0,128,467
Jasper,PINELAND,Solicitor, Circuit  14,REP,Duffie Stone,196,57,0,0,0,21,118
Jasper,RIDGELAND 1,Solicitor, Circuit  14,REP,Duffie Stone,523,208,0,0,0,32,283
Jasper,RIDGELAND 2,Solicitor, Circuit  14,REP,Duffie Stone,446,174,0,0,0,39,233
Jasper,TILLMAN,Solicitor, Circuit  14,REP,Duffie Stone,315,75,0,0,0,26,214
Jasper,RIDGELAND 3,Solicitor, Circuit  14,REP,Duffie Stone,408,145,0,0,0,15,248
Jasper,SUN CITY,Solicitor, Circuit  14,REP,Duffie Stone,1930,633,0,0,0,631,666
Jasper,Failsafe,Solicitor, Circuit  14,REP,Duffie Stone,2,0,0,0,2,0,0
Jasper,Provisional,Solicitor, Circuit  14,REP,Duffie Stone,19,0,0,19,0,0,0
Jasper,Failsafe Provisional,Solicitor, Circuit  14,REP,Duffie Stone,0,0,0,0,0,0,0
Jasper,COOSAWHATCHIE,Solicitor, Circuit  14,NON,Write-In,3,0,0,0,0,1,2
Jasper,GILLISONVILLE,Solicitor, Circuit  14,NON,Write-In,7,4,0,0,0,1,2
Jasper,GRAHAMVILLE 1,Solicitor, Circuit  14,NON,Write-In,14,6,0,0,0,2,6
Jasper,GRAHAMVILLE 2,Solicitor, Circuit  14,NON,Write-In,25,14,0,0,0,0,11
Jasper,GRAYS,Solicitor, Circuit  14,NON,Write-In,5,1,0,0,0,1,3
Jasper,HARDEEVILLE 1,Solicitor, Circuit  14,NON,Write-In,17,7,0,0,0,1,9
Jasper,HARDEEVILLE 2,Solicitor, Circuit  14,NON,Write-In,19,3,0,0,0,0,16
Jasper,LEVY,Solicitor, Circuit  14,NON,Write-In,21,12,0,0,0,1,8
Jasper,OAKATIE,Solicitor, Circuit  14,NON,Write-In,21,8,0,0,0,2,11
Jasper,PINELAND,Solicitor, Circuit  14,NON,Write-In,12,2,0,0,0,0,10
Jasper,RIDGELAND 1,Solicitor, Circuit  14,NON,Write-In,10,4,0,0,0,0,6
Jasper,RIDGELAND 2,Solicitor, Circuit  14,NON,Write-In,14,6,0,0,0,2,6
Jasper,TILLMAN,Solicitor, Circuit  14,NON,Write-In,10,6,0,0,0,1,3
Jasper,RIDGELAND 3,Solicitor, Circuit  14,NON,Write-In,5,4,0,0,0,0,1
Jasper,SUN CITY,Solicitor, Circuit  14,NON,Write-In,16,9,0,0,0,4,3
Jasper,Failsafe,Solicitor, Circuit  14,NON,Write-In,1,0,0,0,1,0,0
Jasper,Provisional,Solicitor, Circuit  14,NON,Write-In,0,0,0,0,0,0,0
Jasper,Failsafe Provisional,Solicitor, Circuit  14,NON,Write-In,0,0,0,0,0,0,0
Jasper,COOSAWHATCHIE,Sheriff,,DEM,Donald Hipp,329,51,0,0,0,114,164
Jasper,GILLISONVILLE,Sheriff,,DEM,Donald Hipp,292,114,0,0,0,47,131
Jasper,GRAHAMVILLE 1,Sheriff,,DEM,Donald Hipp,440,214,0,0,0,58,168
Jasper,GRAHAMVILLE 2,Sheriff,,DEM,Donald Hipp,1105,494,0,0,0,156,455
Jasper,GRAYS,Sheriff,,DEM,Donald Hipp,214,53,0,0,0,32,129
Jasper,HARDEEVILLE 1,Sheriff,,DEM,Donald Hipp,753,310,0,0,0,160,283
Jasper,HARDEEVILLE 2,Sheriff,,DEM,Donald Hipp,380,121,0,0,0,43,216
Jasper,LEVY,Sheriff,,DEM,Donald Hipp,878,281,0,0,0,130,467
Jasper,OAKATIE,Sheriff,,DEM,Donald Hipp,630,228,0,0,0,121,281
Jasper,PINELAND,Sheriff,,DEM,Donald Hipp,488,169,0,0,0,69,250
Jasper,RIDGELAND 1,Sheriff,,DEM,Donald Hipp,291,139,0,0,0,26,126
Jasper,RIDGELAND 2,Sheriff,,DEM,Donald Hipp,431,196,0,0,0,74,161
Jasper,TILLMAN,Sheriff,,DEM,Donald Hipp,355,141,0,0,0,51,163
Jasper,RIDGELAND 3,Sheriff,,DEM,Donald Hipp,265,112,0,0,0,44,109
Jasper,SUN CITY,Sheriff,,DEM,Donald Hipp,1190,351,0,0,0,570,269
Jasper,Failsafe,Sheriff,,DEM,Donald Hipp,6,0,0,0,6,0,0
Jasper,Provisional,Sheriff,,DEM,Donald Hipp,16,0,0,16,0,0,0
Jasper,Failsafe Provisional,Sheriff,,DEM,Donald Hipp,0,0,0,0,0,0,0
Jasper,COOSAWHATCHIE,Sheriff,,PET,PET Gary Morris,74,20,0,0,0,4,50
Jasper,GILLISONVILLE,Sheriff,,PET,PET Gary Morris,182,43,0,0,0,9,130
Jasper,GRAHAMVILLE 1,Sheriff,,PET,PET Gary Morris,449,127,0,0,0,35,287
Jasper,GRAHAMVILLE 2,Sheriff,,PET,PET Gary Morris,402,132,0,0,0,28,242
Jasper,GRAYS,Sheriff,,PET,PET Gary Morris,331,25,0,0,0,13,293
Jasper,HARDEEVILLE 1,Sheriff,,PET,PET Gary Morris,624,261,0,0,0,63,300
Jasper,HARDEEVILLE 2,Sheriff,,PET,PET Gary Morris,167,38,0,0,0,12,117
Jasper,LEVY,Sheriff,,PET,PET Gary Morris,317,70,0,0,0,21,226
Jasper,OAKATIE,Sheriff,,PET,PET Gary Morris,407,120,0,0,0,42,245
Jasper,PINELAND,Sheriff,,PET,PET Gary Morris,49,17,0,0,0,4,28
Jasper,RIDGELAND 1,Sheriff,,PET,PET Gary Morris,353,137,0,0,0,18,198
Jasper,RIDGELAND 2,Sheriff,,PET,PET Gary Morris,266,98,0,0,0,16,152
Jasper,TILLMAN,Sheriff,,PET,PET Gary Morris,180,40,0,0,0,10,130
Jasper,RIDGELAND 3,Sheriff,,PET,PET Gary Morris,293,105,0,0,0,13,175
Jasper,SUN CITY,Sheriff,,PET,PET Gary Morris,740,283,0,0,0,175,282
Jasper,Failsafe,Sheriff,,PET,PET Gary Morris,0,0,0,0,0,0,0
Jasper,Provisional,Sheriff,,PET,PET Gary Morris,11,0,0,11,0,0,0
Jasper,Failsafe Provisional,Sheriff,,PET,PET Gary Morris,0,0,0,0,0,0,0
Jasper,COOSAWHATCHIE,Sheriff,,NON,Write-In,0,0,0,0,0,0,0
Jasper,GILLISONVILLE,Sheriff,,NON,Write-In,0,0,0,0,0,0,0
Jasper,GRAHAMVILLE 1,Sheriff,,NON,Write-In,3,1,0,0,0,1,1
Jasper,GRAHAMVILLE 2,Sheriff,,NON,Write-In,5,2,0,0,0,1,2
Jasper,GRAYS,Sheriff,,NON,Write-In,5,1,0,0,0,0,4
Jasper,HARDEEVILLE 1,Sheriff,,NON,Write-In,5,1,0,0,0,1,3
Jasper,HARDEEVILLE 2,Sheriff,,NON,Write-In,1,0,0,0,0,0,1
Jasper,LEVY,Sheriff,,NON,Write-In,7,0,0,0,0,2,5
Jasper,OAKATIE,Sheriff,,NON,Write-In,4,2,0,0,0,0,2
Jasper,PINELAND,Sheriff,,NON,Write-In,1,0,0,0,0,0,1
Jasper,RIDGELAND 1,Sheriff,,NON,Write-In,8,3,0,0,0,2,3
Jasper,RIDGELAND 2,Sheriff,,NON,Write-In,0,0,0,0,0,0,0
Jasper,TILLMAN,Sheriff,,NON,Write-In,0,0,0,0,0,0,0
Jasper,RIDGELAND 3,Sheriff,,NON,Write-In,2,1,0,0,0,0,1
Jasper,SUN CITY,Sheriff,,NON,Write-In,10,5,0,0,0,3,2
Jasper,Failsafe,Sheriff,,NON,Write-In,0,0,0,0,0,0,0
Jasper,Provisional,Sheriff,,NON,Write-In,0,0,0,0,0,0,0
Jasper,Failsafe Provisional,Sheriff,,NON,Write-In,0,0,0,0,0,0,0
Jasper,COOSAWHATCHIE,Clerk of Court,,DEM,Margaret Bostick,368,57,0,0,0,115,196
Jasper,GILLISONVILLE,Clerk of Court,,DEM,Margaret Bostick,421,142,0,0,0,49,230
Jasper,GRAHAMVILLE 1,Clerk of Court,,DEM,Margaret Bostick,781,306,0,0,0,86,389
Jasper,GRAHAMVILLE 2,Clerk of Court,,DEM,Margaret Bostick,1365,573,0,0,0,172,620
Jasper,GRAYS,Clerk of Court,,DEM,Margaret Bostick,448,72,0,0,0,37,339
Jasper,HARDEEVILLE 1,Clerk of Court,,DEM,Margaret Bostick,1135,464,0,0,0,185,486
Jasper,HARDEEVILLE 2,Clerk of Court,,DEM,Margaret Bostick,494,149,0,0,0,46,299
Jasper,LEVY,Clerk of Court,,DEM,Margaret Bostick,1095,335,0,0,0,148,612
Jasper,OAKATIE,Clerk of Court,,DEM,Margaret Bostick,865,299,0,0,0,145,421
Jasper,PINELAND,Clerk of Court,,DEM,Margaret Bostick,519,183,0,0,0,66,270
Jasper,RIDGELAND 1,Clerk of Court,,DEM,Margaret Bostick,540,234,0,0,0,41,265
Jasper,RIDGELAND 2,Clerk of Court,,DEM,Margaret Bostick,623,273,0,0,0,77,273
Jasper,TILLMAN,Clerk of Court,,DEM,Margaret Bostick,485,173,0,0,0,56,256
Jasper,RIDGELAND 3,Clerk of Court,,DEM,Margaret Bostick,468,181,0,0,0,51,236
Jasper,SUN CITY,Clerk of Court,,DEM,Margaret Bostick,1580,514,0,0,0,674,392
Jasper,Failsafe,Clerk of Court,,DEM,Margaret Bostick,6,0,0,0,6,0,0
Jasper,Provisional,Clerk of Court,,DEM,Margaret Bostick,24,0,0,24,0,0,0
Jasper,Failsafe Provisional,Clerk of Court,,DEM,Margaret Bostick,0,0,0,0,0,0,0
Jasper,COOSAWHATCHIE,Clerk of Court,,NON,Write-In,3,3,0,0,0,0,0
Jasper,GILLISONVILLE,Clerk of Court,,NON,Write-In,4,3,0,0,0,0,1
Jasper,GRAHAMVILLE 1,Clerk of Court,,NON,Write-In,13,7,0,0,0,1,5
Jasper,GRAHAMVILLE 2,Clerk of Court,,NON,Write-In,14,4,0,0,0,1,9
Jasper,GRAYS,Clerk of Court,,NON,Write-In,7,0,0,0,0,1,6
Jasper,HARDEEVILLE 1,Clerk of Court,,NON,Write-In,26,14,0,0,0,3,9
Jasper,HARDEEVILLE 2,Clerk of Court,,NON,Write-In,5,1,0,0,0,0,4
Jasper,LEVY,Clerk of Court,,NON,Write-In,19,4,0,0,0,1,14
Jasper,OAKATIE,Clerk of Court,,NON,Write-In,23,4,0,0,0,0,19
Jasper,PINELAND,Clerk of Court,,NON,Write-In,5,0,0,0,0,3,2
Jasper,RIDGELAND 1,Clerk of Court,,NON,Write-In,10,2,0,0,0,0,8
Jasper,RIDGELAND 2,Clerk of Court,,NON,Write-In,7,3,0,0,0,0,4
Jasper,TILLMAN,Clerk of Court,,NON,Write-In,5,2,0,0,0,0,3
Jasper,RIDGELAND 3,Clerk of Court,,NON,Write-In,5,3,0,0,0,0,2
Jasper,SUN CITY,Clerk of Court,,NON,Write-In,27,15,0,0,0,1,11
Jasper,Failsafe,Clerk of Court,,NON,Write-In,0,0,0,0,0,0,0
Jasper,Provisional,Clerk of Court,,NON,Write-In,0,0,0,0,0,0,0
Jasper,Failsafe Provisional,Clerk of Court,,NON,Write-In,0,0,0,0,0,0,0
Jasper,COOSAWHATCHIE,Coroner,,DEM,Willie Patrick Aiken III,362,56,0,0,0,117,189
Jasper,GILLISONVILLE,Coroner,,DEM,Willie Patrick Aiken III,389,131,0,0,0,49,209
Jasper,GRAHAMVILLE 1,Coroner,,DEM,Willie Patrick Aiken III,675,280,0,0,0,73,322
Jasper,GRAHAMVILLE 2,Coroner,,DEM,Willie Patrick Aiken III,1321,571,0,0,0,169,581
Jasper,GRAYS,Coroner,,DEM,Willie Patrick Aiken III,394,69,0,0,0,33,292
Jasper,HARDEEVILLE 1,Coroner,,DEM,Willie Patrick Aiken III,1109,467,0,0,0,186,456
Jasper,HARDEEVILLE 2,Coroner,,DEM,Willie Patrick Aiken III,467,143,0,0,0,45,279
Jasper,LEVY,Coroner,,DEM,Willie Patrick Aiken III,1054,324,0,0,0,135,595
Jasper,OAKATIE,Coroner,,DEM,Willie Patrick Aiken III,852,289,0,0,0,144,419
Jasper,PINELAND,Coroner,,DEM,Willie Patrick Aiken III,518,182,0,0,0,70,266
Jasper,RIDGELAND 1,Coroner,,DEM,Willie Patrick Aiken III,462,204,0,0,0,34,224
Jasper,RIDGELAND 2,Coroner,,DEM,Willie Patrick Aiken III,566,249,0,0,0,75,242
Jasper,TILLMAN,Coroner,,DEM,Willie Patrick Aiken III,458,172,0,0,0,52,234
Jasper,RIDGELAND 3,Coroner,,DEM,Willie Patrick Aiken III,404,162,0,0,0,49,193
Jasper,SUN CITY,Coroner,,DEM,Willie Patrick Aiken III,1547,506,0,0,0,653,388
Jasper,Failsafe,Coroner,,DEM,Willie Patrick Aiken III,6,0,0,0,6,0,0
Jasper,Provisional,Coroner,,DEM,Willie Patrick Aiken III,23,0,0,23,0,0,0
Jasper,Failsafe Provisional,Coroner,,DEM,Willie Patrick Aiken III,0,0,0,0,0,0,0
Jasper,COOSAWHATCHIE,Coroner,,NON,Write-In,5,3,0,0,0,0,2
Jasper,GILLISONVILLE,Coroner,,NON,Write-In,23,5,0,0,0,3,15
Jasper,GRAHAMVILLE 1,Coroner,,NON,Write-In,80,19,0,0,0,13,48
Jasper,GRAHAMVILLE 2,Coroner,,NON,Write-In,48,12,0,0,0,8,28
Jasper,GRAYS,Coroner,,NON,Write-In,28,2,0,0,0,5,21
Jasper,HARDEEVILLE 1,Coroner,,NON,Write-In,46,7,0,0,0,9,30
Jasper,HARDEEVILLE 2,Coroner,,NON,Write-In,22,5,0,0,0,0,17
Jasper,LEVY,Coroner,,NON,Write-In,33,8,0,0,0,6,19
Jasper,OAKATIE,Coroner,,NON,Write-In,28,5,0,0,0,2,21
Jasper,PINELAND,Coroner,,NON,Write-In,4,1,0,0,0,1,2
Jasper,RIDGELAND 1,Coroner,,NON,Write-In,48,15,0,0,0,5,28
Jasper,RIDGELAND 2,Coroner,,NON,Write-In,42,11,0,0,0,5,26
Jasper,TILLMAN,Coroner,,NON,Write-In,14,1,0,0,0,0,13
Jasper,RIDGELAND 3,Coroner,,NON,Write-In,50,18,0,0,0,0,32
Jasper,SUN CITY,Coroner,,NON,Write-In,37,16,0,0,0,8,13
Jasper,Failsafe,Coroner,,NON,Write-In,0,0,0,0,0,0,0
Jasper,Provisional,Coroner,,NON,Write-In,0,0,0,0,0,0,0
Jasper,Failsafe Provisional,Coroner,,NON,Write-In,0,0,0,0,0,0,0
Jasper,COOSAWHATCHIE,County Council At Large,,REP,John Kemp,121,26,0,0,0,9,86
Jasper,GILLISONVILLE,County Council At Large,,REP,John Kemp,222,48,0,0,0,14,160
Jasper,GRAHAMVILLE 1,County Council At Large,,REP,John Kemp,562,165,0,0,0,38,359
Jasper,GRAHAMVILLE 2,County Council At Large,,REP,John Kemp,552,173,0,0,0,50,329
Jasper,GRAYS,County Council At Large,,REP,John Kemp,435,40,0,0,0,29,366
Jasper,HARDEEVILLE 1,County Council At Large,,REP,John Kemp,973,412,0,0,0,147,414
Jasper,HARDEEVILLE 2,County Council At Large,,REP,John Kemp,211,45,0,0,0,19,147
Jasper,LEVY,County Council At Large,,REP,John Kemp,472,112,0,0,0,40,320
Jasper,OAKATIE,County Council At Large,,REP,John Kemp,715,211,0,0,0,114,390
Jasper,PINELAND,County Council At Large,,REP,John Kemp,74,23,0,0,0,8,43
Jasper,RIDGELAND 1,County Council At Large,,REP,John Kemp,478,190,0,0,0,25,263
Jasper,RIDGELAND 2,County Council At Large,,REP,John Kemp,338,125,0,0,0,30,183
Jasper,TILLMAN,County Council At Large,,REP,John Kemp,215,40,0,0,0,16,159
Jasper,RIDGELAND 3,County Council At Large,,REP,John Kemp,368,131,0,0,0,10,227
Jasper,SUN CITY,County Council At Large,,REP,John Kemp,1794,581,0,0,0,603,610
Jasper,Failsafe,County Council At Large,,REP,John Kemp,1,0,0,0,1,0,0
Jasper,Provisional,County Council At Large,,REP,John Kemp,12,0,0,12,0,0,0
Jasper,Failsafe Provisional,County Council At Large,,REP,John Kemp,0,0,0,0,0,0,0
Jasper,COOSAWHATCHIE,County Council At Large,,DEM,Samuel Gregory,289,46,0,0,0,109,134
Jasper,GILLISONVILLE,County Council At Large,,DEM,Samuel Gregory,264,113,0,0,0,46,105
Jasper,GRAHAMVILLE 1,County Council At Large,,DEM,Samuel Gregory,378,192,0,0,0,63,123
Jasper,GRAHAMVILLE 2,County Council At Large,,DEM,Samuel Gregory,1011,474,0,0,0,145,392
Jasper,GRAYS,County Council At Large,,DEM,Samuel Gregory,149,43,0,0,0,26,80
Jasper,HARDEEVILLE 1,County Council At Large,,DEM,Samuel Gregory,593,245,0,0,0,128,220
Jasper,HARDEEVILLE 2,County Council At Large,,DEM,Samuel Gregory,351,119,0,0,0,41,191
Jasper,LEVY,County Council At Large,,DEM,Samuel Gregory,793,260,0,0,0,121,412
Jasper,OAKATIE,County Council At Large,,DEM,Samuel Gregory,500,192,0,0,0,93,215
Jasper,PINELAND,County Council At Large,,DEM,Samuel Gregory,465,162,0,0,0,63,240
Jasper,RIDGELAND 1,County Council At Large,,DEM,Samuel Gregory,191,96,0,0,0,21,74
Jasper,RIDGELAND 2,County Council At Large,,DEM,Samuel Gregory,380,181,0,0,0,67,132
Jasper,TILLMAN,County Council At Large,,DEM,Samuel Gregory,326,141,0,0,0,46,139
Jasper,RIDGELAND 3,County Council At Large,,DEM,Samuel Gregory,203,93,0,0,0,45,65
Jasper,SUN CITY,County Council At Large,,DEM,Samuel Gregory,795,233,0,0,0,404,158
Jasper,Failsafe,County Council At Large,,DEM,Samuel Gregory,6,0,0,0,6,0,0
Jasper,Provisional,County Council At Large,,DEM,Samuel Gregory,16,0,0,16,0,0,0
Jasper,Failsafe Provisional,County Council At Large,,DEM,Samuel Gregory,0,0,0,0,0,0,0
Jasper,COOSAWHATCHIE,County Council At Large,,NON,Write-In,0,0,0,0,0,0,0
Jasper,GILLISONVILLE,County Council At Large,,NON,Write-In,0,0,0,0,0,0,0
Jasper,GRAHAMVILLE 1,County Council At Large,,NON,Write-In,0,0,0,0,0,0,0
Jasper,GRAHAMVILLE 2,County Council At Large,,NON,Write-In,0,0,0,0,0,0,0
Jasper,GRAYS,County Council At Large,,NON,Write-In,0,0,0,0,0,0,0
Jasper,HARDEEVILLE 1,County Council At Large,,NON,Write-In,4,2,0,0,0,1,1
Jasper,HARDEEVILLE 2,County Council At Large,,NON,Write-In,0,0,0,0,0,0,0
Jasper,LEVY,County Council At Large,,NON,Write-In,2,1,0,0,0,1,0
Jasper,OAKATIE,County Council At Large,,NON,Write-In,1,1,0,0,0,0,0
Jasper,PINELAND,County Council At Large,,NON,Write-In,1,0,0,0,0,1,0
Jasper,RIDGELAND 1,County Council At Large,,NON,Write-In,0,0,0,0,0,0,0
Jasper,RIDGELAND 2,County Council At Large,,NON,Write-In,2,0,0,0,0,0,2
Jasper,TILLMAN,County Council At Large,,NON,Write-In,0,0,0,0,0,0,0
Jasper,RIDGELAND 3,County Council At Large,,NON,Write-In,0,0,0,0,0,0,0
Jasper,SUN CITY,County Council At Large,,NON,Write-In,0,0,0,0,0,0,0
Jasper,Failsafe,County Council At Large,,NON,Write-In,0,0,0,0,0,0,0
Jasper,Provisional,County Council At Large,,NON,Write-In,0,0,0,0,0,0,0
Jasper,Failsafe Provisional,County Council At Large,,NON,Write-In,0,0,0,0,0,0,0
Jasper,COOSAWHATCHIE,County Council Hardeeville Township,,DEM,Barbara B Clark,334,54,0,0,0,91,189
Jasper,GILLISONVILLE,County Council Hardeeville Township,,DEM,Barbara B Clark,399,137,0,0,0,49,213
Jasper,GRAHAMVILLE 1,County Council Hardeeville Township,,DEM,Barbara B Clark,714,286,0,0,0,74,354
Jasper,GRAHAMVILLE 2,County Council Hardeeville Township,,DEM,Barbara B Clark,1314,558,0,0,0,165,591
Jasper,GRAYS,County Council Hardeeville Township,,DEM,Barbara B Clark,399,69,0,0,0,30,300
Jasper,HARDEEVILLE 1,County Council Hardeeville Township,,DEM,Barbara B Clark,1104,444,0,0,0,189,471
Jasper,HARDEEVILLE 2,County Council Hardeeville Township,,DEM,Barbara B Clark,486,147,0,0,0,48,291
Jasper,LEVY,County Council Hardeeville Township,,DEM,Barbara B Clark,1058,326,0,0,0,134,598
Jasper,OAKATIE,County Council Hardeeville Township,,DEM,Barbara B Clark,836,289,0,0,0,138,409
Jasper,PINELAND,County Council Hardeeville Township,,DEM,Barbara B Clark,508,180,0,0,0,63,265
Jasper,RIDGELAND 1,County Council Hardeeville Township,,DEM,Barbara B Clark,490,214,0,0,0,39,237
Jasper,RIDGELAND 2,County Council Hardeeville Township,,DEM,Barbara B Clark,595,255,0,0,0,81,259
Jasper,TILLMAN,County Council Hardeeville Township,,DEM,Barbara B Clark,462,168,0,0,0,51,243
Jasper,RIDGELAND 3,County Council Hardeeville Township,,DEM,Barbara B Clark,420,168,0,0,0,43,209
Jasper,SUN CITY,County Council Hardeeville Township,,DEM,Barbara B Clark,1509,487,0,0,0,648,374
Jasper,Failsafe,County Council Hardeeville Township,,DEM,Barbara B Clark,6,0,0,0,6,0,0
Jasper,Provisional,County Council Hardeeville Township,,DEM,Barbara B Clark,22,0,0,22,0,0,0
Jasper,Failsafe Provisional,County Council Hardeeville Township,,DEM,Barbara B Clark,0,0,0,0,0,0,0
Jasper,COOSAWHATCHIE,County Council Hardeeville Township,,NON,Write-In,9,3,0,0,0,3,3
Jasper,GILLISONVILLE,County Council Hardeeville Township,,NON,Write-In,4,3,0,0,0,0,1
Jasper,GRAHAMVILLE 1,County Council Hardeeville Township,,NON,Write-In,16,6,0,0,0,3,7
Jasper,GRAHAMVILLE 2,County Council Hardeeville Township,,NON,Write-In,16,7,0,0,0,0,9
Jasper,GRAYS,County Council Hardeeville Township,,NON,Write-In,7,0,0,0,0,2,5
Jasper,HARDEEVILLE 1,County Council Hardeeville Township,,NON,Write-In,31,13,0,0,0,4,14
Jasper,HARDEEVILLE 2,County Council Hardeeville Township,,NON,Write-In,7,1,0,0,0,0,6
Jasper,LEVY,County Council Hardeeville Township,,NON,Write-In,23,2,0,0,0,2,19
Jasper,OAKATIE,County Council Hardeeville Township,,NON,Write-In,21,4,0,0,0,2,15
Jasper,PINELAND,County Council Hardeeville Township,,NON,Write-In,5,2,0,0,0,2,1
Jasper,RIDGELAND 1,County Council Hardeeville Township,,NON,Write-In,11,5,0,0,0,0,6
Jasper,RIDGELAND 2,County Council Hardeeville Township,,NON,Write-In,11,5,0,0,0,0,6
Jasper,TILLMAN,County Council Hardeeville Township,,NON,Write-In,6,4,0,0,0,0,2
Jasper,RIDGELAND 3,County Council Hardeeville Township,,NON,Write-In,5,3,0,0,0,0,2
Jasper,SUN CITY,County Council Hardeeville Township,,NON,Write-In,32,15,0,0,0,6,11
Jasper,Failsafe,County Council Hardeeville Township,,NON,Write-In,0,0,0,0,0,0,0
Jasper,Provisional,County Council Hardeeville Township,,NON,Write-In,0,0,0,0,0,0,0
Jasper,Failsafe Provisional,County Council Hardeeville Township,,NON,Write-In,0,0,0,0,0,0,0
Jasper,COOSAWHATCHIE,County Council Pocotaligo Township,,DEM,Alvin Abby Adkins,361,55,0,0,0,116,190
Jasper,GILLISONVILLE,County Council Pocotaligo Township,,DEM,Alvin Abby Adkins,397,135,0,0,0,50,212
Jasper,GRAHAMVILLE 1,County Council Pocotaligo Township,,DEM,Alvin Abby Adkins,694,288,0,0,0,73,333
Jasper,GRAHAMVILLE 2,County Council Pocotaligo Township,,DEM,Alvin Abby Adkins,1318,569,0,0,0,166,583
Jasper,GRAYS,County Council Pocotaligo Township,,DEM,Alvin Abby Adkins,386,68,0,0,0,35,283
Jasper,HARDEEVILLE 1,County Council Pocotaligo Township,,DEM,Alvin Abby Adkins,1068,437,0,0,0,177,454
Jasper,HARDEEVILLE 2,County Council Pocotaligo Township,,DEM,Alvin Abby Adkins,468,140,0,0,0,44,284
Jasper,LEVY,County Council Pocotaligo Township,,DEM,Alvin Abby Adkins,1043,320,0,0,0,131,592
Jasper,OAKATIE,County Council Pocotaligo Township,,DEM,Alvin Abby Adkins,806,276,0,0,0,131,399
Jasper,PINELAND,County Council Pocotaligo Township,,DEM,Alvin Abby Adkins,516,181,0,0,0,66,269
Jasper,RIDGELAND 1,County Council Pocotaligo Township,,DEM,Alvin Abby Adkins,462,203,0,0,0,34,225
Jasper,RIDGELAND 2,County Council Pocotaligo Township,,DEM,Alvin Abby Adkins,576,254,0,0,0,80,242
Jasper,TILLMAN,County Council Pocotaligo Township,,DEM,Alvin Abby Adkins,455,169,0,0,0,51,235
Jasper,RIDGELAND 3,County Council Pocotaligo Township,,DEM,Alvin Abby Adkins,408,162,0,0,0,47,199
Jasper,SUN CITY,County Council Pocotaligo Township,,DEM,Alvin Abby Adkins,1409,473,0,0,0,578,358
Jasper,Failsafe,County Council Pocotaligo Township,,DEM,Alvin Abby Adkins,6,0,0,0,6,0,0
Jasper,Provisional,County Council Pocotaligo Township,,DEM,Alvin Abby Adkins,22,0,0,22,0,0,0
Jasper,Failsafe Provisional,County Council Pocotaligo Township,,DEM,Alvin Abby Adkins,0,0,0,0,0,0,0
Jasper,COOSAWHATCHIE,County Council Pocotaligo Township,,NON,Write-In,4,2,0,0,0,0,2
Jasper,GILLISONVILLE,County Council Pocotaligo Township,,NON,Write-In,6,2,0,0,0,0,4
Jasper,GRAHAMVILLE 1,County Council Pocotaligo Township,,NON,Write-In,15,4,0,0,0,2,9
Jasper,GRAHAMVILLE 2,County Council Pocotaligo Township,,NON,Write-In,14,3,0,0,0,3,8
Jasper,GRAYS,County Council Pocotaligo Township,,NON,Write-In,10,0,0,0,0,3,7
Jasper,HARDEEVILLE 1,County Council Pocotaligo Township,,NON,Write-In,18,7,0,0,0,2,9
Jasper,HARDEEVILLE 2,County Council Pocotaligo Township,,NON,Write-In,7,1,0,0,0,0,6
Jasper,LEVY,County Council Pocotaligo Township,,NON,Write-In,17,5,0,0,0,1,11
Jasper,OAKATIE,County Council Pocotaligo Township,,NON,Write-In,20,5,0,0,0,0,15
Jasper,PINELAND,County Council Pocotaligo Township,,NON,Write-In,2,0,0,0,0,1,1
Jasper,RIDGELAND 1,County Council Pocotaligo Township,,NON,Write-In,19,4,0,0,0,1,14
Jasper,RIDGELAND 2,County Council Pocotaligo Township,,NON,Write-In,13,5,0,0,0,0,8
Jasper,TILLMAN,County Council Pocotaligo Township,,NON,Write-In,4,2,0,0,0,1,1
Jasper,RIDGELAND 3,County Council Pocotaligo Township,,NON,Write-In,7,3,0,0,0,0,4
Jasper,SUN CITY,County Council Pocotaligo Township,,NON,Write-In,25,12,0,0,0,3,10
Jasper,Failsafe,County Council Pocotaligo Township,,NON,Write-In,0,0,0,0,0,0,0
Jasper,Provisional,County Council Pocotaligo Township,,NON,Write-In,0,0,0,0,0,0,0
Jasper,Failsafe Provisional,County Council Pocotaligo Township,,NON,Write-In,0,0,0,0,0,0,0
Jasper,COOSAWHATCHIE,Soil and Water District Commission,,NON,Lonnie Micky Ginn,188,33,0,0,0,39,116
Jasper,GILLISONVILLE,Soil and Water District Commission,,NON,Lonnie Micky Ginn,274,71,0,0,0,31,172
Jasper,GRAHAMVILLE 1,Soil and Water District Commission,,NON,Lonnie Micky Ginn,544,177,0,0,0,53,314
Jasper,GRAHAMVILLE 2,Soil and Water District Commission,,NON,Lonnie Micky Ginn,783,303,0,0,0,77,403
Jasper,GRAYS,Soil and Water District Commission,,NON,Lonnie Micky Ginn,410,42,0,0,0,26,342
Jasper,HARDEEVILLE 1,Soil and Water District Commission,,NON,Lonnie Micky Ginn,961,381,0,0,0,160,420
Jasper,HARDEEVILLE 2,Soil and Water District Commission,,NON,Lonnie Micky Ginn,264,60,0,0,0,21,183
Jasper,LEVY,Soil and Water District Commission,,NON,Lonnie Micky Ginn,626,162,0,0,0,81,383
Jasper,OAKATIE,Soil and Water District Commission,,NON,Lonnie Micky Ginn,689,216,0,0,0,107,366
Jasper,PINELAND,Soil and Water District Commission,,NON,Lonnie Micky Ginn,226,67,0,0,0,34,125
Jasper,RIDGELAND 1,Soil and Water District Commission,,NON,Lonnie Micky Ginn,446,170,0,0,0,35,241
Jasper,RIDGELAND 2,Soil and Water District Commission,,NON,Lonnie Micky Ginn,413,165,0,0,0,50,198
Jasper,TILLMAN,Soil and Water District Commission,,NON,Lonnie Micky Ginn,303,87,0,0,0,33,183
Jasper,RIDGELAND 3,Soil and Water District Commission,,NON,Lonnie Micky Ginn,336,117,0,0,0,25,194
Jasper,SUN CITY,Soil and Water District Commission,,NON,Lonnie Micky Ginn,1414,458,0,0,0,547,409
Jasper,Failsafe,Soil and Water District Commission,,NON,Lonnie Micky Ginn,2,0,0,0,2,0,0
Jasper,Provisional,Soil and Water District Commission,,NON,Lonnie Micky Ginn,15,0,0,15,0,0,0
Jasper,Failsafe Provisional,Soil and Water District Commission,,NON,Lonnie Micky Ginn,0,0,0,0,0,0,0
Jasper,COOSAWHATCHIE,Soil and Water District Commission,,NON,Write-In,2,0,0,0,0,1,1
Jasper,GILLISONVILLE,Soil and Water District Commission,,NON,Write-In,3,1,0,0,0,0,2
Jasper,GRAHAMVILLE 1,Soil and Water District Commission,,NON,Write-In,2,2,0,0,0,0,0
Jasper,GRAHAMVILLE 2,Soil and Water District Commission,,NON,Write-In,12,3,0,0,0,1,8
Jasper,GRAYS,Soil and Water District Commission,,NON,Write-In,2,0,0,0,0,0,2
Jasper,HARDEEVILLE 1,Soil and Water District Commission,,NON,Write-In,10,5,0,0,0,0,5
Jasper,HARDEEVILLE 2,Soil and Water District Commission,,NON,Write-In,9,1,0,0,0,0,8
Jasper,LEVY,Soil and Water District Commission,,NON,Write-In,9,3,0,0,0,1,5
Jasper,OAKATIE,Soil and Water District Commission,,NON,Write-In,11,6,0,0,0,1,4
Jasper,PINELAND,Soil and Water District Commission,,NON,Write-In,7,1,0,0,0,1,5
Jasper,RIDGELAND 1,Soil and Water District Commission,,NON,Write-In,6,4,0,0,0,0,2
Jasper,RIDGELAND 2,Soil and Water District Commission,,NON,Write-In,7,3,0,0,0,2,2
Jasper,TILLMAN,Soil and Water District Commission,,NON,Write-In,4,2,0,0,0,1,1
Jasper,RIDGELAND 3,Soil and Water District Commission,,NON,Write-In,3,2,0,0,0,1,0
Jasper,SUN CITY,Soil and Water District Commission,,NON,Write-In,5,4,0,0,0,0,1
Jasper,Failsafe,Soil and Water District Commission,,NON,Write-In,0,0,0,0,0,0,0
Jasper,Provisional,Soil and Water District Commission,,NON,Write-In,1,0,0,1,0,0,0
Jasper,Failsafe Provisional,Soil and Water District Commission,,NON,Write-In,0,0,0,0,0,0,0
Jasper,HARDEEVILLE 2,School Board District 1,,NON,Al Fernandez,7,1,0,0,0,1,5
Jasper,PINELAND,School Board District 1,,NON,Al Fernandez,20,8,0,0,0,2,10
Jasper,TILLMAN,School Board District 1,,NON,Al Fernandez,88,14,0,0,0,7,67
Jasper,RIDGELAND 3,School Board District 1,,NON,Al Fernandez,70,28,0,0,0,4,38
Jasper,Failsafe,School Board District 1,,NON,Al Fernandez,0,0,0,0,0,0,0
Jasper,Provisional,School Board District 1,,NON,Al Fernandez,0,0,0,0,0,0,0
Jasper,Failsafe Provisional,School Board District 1,,NON,Al Fernandez,0,0,0,0,0,0,0
Jasper,HARDEEVILLE 2,School Board District 1,,NON,Rosetta Holman,11,5,0,0,0,0,6
Jasper,PINELAND,School Board District 1,,NON,Rosetta Holman,170,57,0,0,0,31,82
Jasper,TILLMAN,School Board District 1,,NON,Rosetta Holman,102,40,0,0,0,12,50
Jasper,RIDGELAND 3,School Board District 1,,NON,Rosetta Holman,69,24,0,0,0,12,33
Jasper,Failsafe,School Board District 1,,NON,Rosetta Holman,0,0,0,0,0,0,0
Jasper,Provisional,School Board District 1,,NON,Rosetta Holman,2,0,0,2,0,0,0
Jasper,Failsafe Provisional,School Board District 1,,NON,Rosetta Holman,0,0,0,0,0,0,0
Jasper,HARDEEVILLE 2,School Board District 1,,NON,Shalonda Toomer,31,9,0,0,0,3,19
Jasper,PINELAND,School Board District 1,,NON,Shalonda Toomer,111,35,0,0,0,12,64
Jasper,TILLMAN,School Board District 1,,NON,Shalonda Toomer,162,62,0,0,0,18,82
Jasper,RIDGELAND 3,School Board District 1,,NON,Shalonda Toomer,135,56,0,0,0,24,55
Jasper,Failsafe,School Board District 1,,NON,Shalonda Toomer,0,0,0,0,0,0,0
Jasper,Provisional,School Board District 1,,NON,Shalonda Toomer,0,0,0,0,0,0,0
Jasper,Failsafe Provisional,School Board District 1,,NON,Shalonda Toomer,0,0,0,0,0,0,0
Jasper,HARDEEVILLE 2,School Board District 1,,NON,Write-In,0,0,0,0,0,0,0
Jasper,PINELAND,School Board District 1,,NON,Write-In,3,0,0,0,0,1,2
Jasper,TILLMAN,School Board District 1,,NON,Write-In,1,1,0,0,0,0,0
Jasper,RIDGELAND 3,School Board District 1,,NON,Write-In,2,2,0,0,0,0,0
Jasper,Failsafe,School Board District 1,,NON,Write-In,0,0,0,0,0,0,0
Jasper,Provisional,School Board District 1,,NON,Write-In,0,0,0,0,0,0,0
Jasper,Failsafe Provisional,School Board District 1,,NON,Write-In,0,0,0,0,0,0,0
Jasper,COOSAWHATCHIE,School Board District 3,,NON,Berty Riley,304,45,0,0,0,110,149
Jasper,GILLISONVILLE,School Board District 3,,NON,Berty Riley,165,44,0,0,0,30,91
Jasper,GRAHAMVILLE 2,School Board District 3,,NON,Berty Riley,300,117,0,0,0,28,155
Jasper,RIDGELAND 1,School Board District 3,,NON,Berty Riley,12,7,0,0,0,2,3
Jasper,Failsafe,School Board District 3,,NON,Berty Riley,0,0,0,0,0,0,0
Jasper,Provisional,School Board District 3,,NON,Berty Riley,0,0,0,0,0,0,0
Jasper,Failsafe Provisional,School Board District 3,,NON,Berty Riley,0,0,0,0,0,0,0
Jasper,COOSAWHATCHIE,School Board District 3,,NON,Write-In,2,1,0,0,0,0,1
Jasper,GILLISONVILLE,School Board District 3,,NON,Write-In,2,0,0,0,0,1,1
Jasper,GRAHAMVILLE 2,School Board District 3,,NON,Write-In,3,1,0,0,0,1,1
Jasper,RIDGELAND 1,School Board District 3,,NON,Write-In,1,1,0,0,0,0,0
Jasper,Failsafe,School Board District 3,,NON,Write-In,0,0,0,0,0,0,0
Jasper,Provisional,School Board District 3,,NON,Write-In,0,0,0,0,0,0,0
Jasper,Failsafe Provisional,School Board District 3,,NON,Write-In,0,0,0,0,0,0,0
Jasper,GRAHAMVILLE 1,School Board District 5,,NON,Daisy L Mitchell,88,51,0,0,0,12,25
Jasper,GRAHAMVILLE 2,School Board District 5,,NON,Daisy L Mitchell,115,59,0,0,0,15,41
Jasper,RIDGELAND 1,School Board District 5,,NON,Daisy L Mitchell,168,78,0,0,0,13,77
Jasper,RIDGELAND 2,School Board District 5,,NON,Daisy L Mitchell,306,137,0,0,0,49,120
Jasper,Failsafe,School Board District 5,,NON,Daisy L Mitchell,0,0,0,0,0,0,0
Jasper,Provisional,School Board District 5,,NON,Daisy L Mitchell,0,0,0,0,0,0,0
Jasper,Failsafe Provisional,School Board District 5,,NON,Daisy L Mitchell,0,0,0,0,0,0,0
Jasper,GRAHAMVILLE 1,School Board District 5,,NON,Write-In,2,1,0,0,0,0,1
Jasper,GRAHAMVILLE 2,School Board District 5,,NON,Write-In,2,2,0,0,0,0,0
Jasper,RIDGELAND 1,School Board District 5,,NON,Write-In,2,0,0,0,0,0,2
Jasper,RIDGELAND 2,School Board District 5,,NON,Write-In,4,2,0,0,0,0,2
Jasper,Failsafe,School Board District 5,,NON,Write-In,0,0,0,0,0,0,0
Jasper,Provisional,School Board District 5,,NON,Write-In,0,0,0,0,0,0,0
Jasper,Failsafe Provisional,School Board District 5,,NON,Write-In,0,0,0,0,0,0,0
Jasper,GRAHAMVILLE 1,School Board District 7,,NON,Priscilla Jones Fraser,203,88,0,0,0,29,86
Jasper,GRAHAMVILLE 2,School Board District 7,,NON,Priscilla Jones Fraser,391,182,0,0,0,53,156
Jasper,OAKATIE,School Board District 7,,NON,Priscilla Jones Fraser,286,94,0,0,0,29,163
Jasper,SUN CITY,School Board District 7,,NON,Priscilla Jones Fraser,344,105,0,0,0,140,99
Jasper,Failsafe,School Board District 7,,NON,Priscilla Jones Fraser,0,0,0,0,0,0,0
Jasper,Provisional,School Board District 7,,NON,Priscilla Jones Fraser,0,0,0,0,0,0,0
Jasper,Failsafe Provisional,School Board District 7,,NON,Priscilla Jones Fraser,0,0,0,0,0,0,0
Jasper,GRAHAMVILLE 1,School Board District 7,,NON,Jerold L Murray,100,47,0,0,0,6,47
Jasper,GRAHAMVILLE 2,School Board District 7,,NON,Jerold L Murray,128,46,0,0,0,18,64
Jasper,OAKATIE,School Board District 7,,NON,Jerold L Murray,82,27,0,0,0,4,51
Jasper,SUN CITY,School Board District 7,,NON,Jerold L Murray,200,78,0,0,0,61,61
Jasper,Failsafe,School Board District 7,,NON,Jerold L Murray,0,0,0,0,0,0,0
Jasper,Provisional,School Board District 7,,NON,Jerold L Murray,0,0,0,0,0,0,0
Jasper,Failsafe Provisional,School Board District 7,,NON,Jerold L Murray,0,0,0,0,0,0,0
Jasper,GRAHAMVILLE 1,School Board District 7,,NON,Write-In,1,1,0,0,0,0,0
Jasper,GRAHAMVILLE 2,School Board District 7,,NON,Write-In,1,0,0,0,0,1,0
Jasper,OAKATIE,School Board District 7,,NON,Write-In,2,1,0,0,0,0,1
Jasper,SUN CITY,School Board District 7,,NON,Write-In,2,1,0,0,0,0,1
Jasper,Failsafe,School Board District 7,,NON,Write-In,0,0,0,0,0,0,0
Jasper,Provisional,School Board District 7,,NON,Write-In,0,0,0,0,0,0,0
Jasper,Failsafe Provisional,School Board District 7,,NON,Write-In,0,0,0,0,0,0,0
Jasper,LEVY,School Board District 9,,NON,Priscilla Green,751,205,0,0,0,97,449
Jasper,Failsafe,School Board District 9,,NON,Priscilla Green,0,0,0,0,0,0,0
Jasper,Provisional,School Board District 9,,NON,Priscilla Green,0,0,0,0,0,0,0
Jasper,Failsafe Provisional,School Board District 9,,NON,Priscilla Green,0,0,0,0,0,0,0
Jasper,LEVY,School Board District 9,,NON,Write-In,6,1,0,0,0,1,4
Jasper,Failsafe,School Board District 9,,NON,Write-In,0,0,0,0,0,0,0
Jasper,Provisional,School Board District 9,,NON,Write-In,0,0,0,0,0,0,0
Jasper,Failsafe Provisional,School Board District 9,,NON,Write-In,0,0,0,0,0,0,0
Jasper,HARDEEVILLE 1,Mayor City of Hardeeville,,NON,Harry Williams,1015,428,0,0,0,163,424
Jasper,HARDEEVILLE 2,Mayor City of Hardeeville,,NON,Harry Williams,58,14,0,0,0,2,42
Jasper,OAKATIE,Mayor City of Hardeeville,,NON,Harry Williams,363,129,0,0,0,73,161
Jasper,SUN CITY,Mayor City of Hardeeville,,NON,Harry Williams,1781,561,0,0,0,696,524
Jasper,Failsafe,Mayor City of Hardeeville,,NON,Harry Williams,2,0,0,0,2,0,0
Jasper,Provisional,Mayor City of Hardeeville,,NON,Harry Williams,0,0,0,0,0,0,0
