county,precinct,office,district,party,candidate,votes,early_voting,election_day,absentee_by_mail,provisional,failsafe_provisional,failsafe
Union,Adamsburg,Straight Party,,CON,Constitution,0,0,0,0,0,0,0
Union,Black Rock,Straight Party,,CON,Constitution,0,0,0,0,0,0,0
Union,Bonham,Straight Party,,CON,Constitution,0,0,0,0,0,0,0
Union,Buffalo Box 1,Straight Party,,CON,Constitution,0,0,0,0,0,0,0
Union,Carlisle,Straight Party,,CON,Constitution,0,0,0,0,0,0,0
Union,Cross Keys,Straight Party,,CON,Constitution,0,0,0,0,0,0,0
Union,Excelsior,Straight Party,,CON,Constitution,0,0,0,0,0,0,0
Union,Jonesville Box 1,Straight Party,,CON,Constitution,1,0,1,0,0,0,0
Union,Jonesville Box 2,Straight Party,,CON,Constitution,0,0,0,0,0,0,0
Union,Kelton,Straight Party,,CON,Constitution,0,0,0,0,0,0,0
Union,Lockhart,Straight Party,,CON,Constitution,0,0,0,0,0,0,0
Union,Monarch,Straight Party,,CON,Constitution,0,0,0,0,0,0,0
Union,Putnam,Straight Party,,CON,Constitution,0,0,0,0,0,0,0
Union,Santuck,Straight Party,,CON,Constitution,0,0,0,0,0,0,0
Union,Union Ward 1 Box 1,Straight Party,,CON,Constitution,0,0,0,0,0,0,0
Union,Union Ward 1 Box 2,Straight Party,,CON,Constitution,1,0,1,0,0,0,0
Union,Union Ward 2,Straight Party,,CON,Constitution,0,0,0,0,0,0,0
Union,Union Ward 3,Straight Party,,CON,Constitution,0,0,0,0,0,0,0
Union,Union Ward 4 Box 1,Straight Party,,CON,Constitution,0,0,0,0,0,0,0
Union,Union Ward 4 Box 2,Straight Party,,CON,Constitution,0,0,0,0,0,0,0
Union,West Springs,Straight Party,,CON,Constitution,0,0,0,0,0,0,0
Union,Failsafe,Straight Party,,CON,Constitution,0,0,0,0,0,0,0
Union,Provisional,Straight Party,,CON,Constitution,0,0,0,0,0,0,0
Union,Failsafe Provisional,Straight Party,,CON,Constitution,0,0,0,0,0,0,0
Union,Adamsburg,Straight Party,,UNC,United Citizens,0,0,0,0,0,0,0
Union,Black Rock,Straight Party,,UNC,United Citizens,1,0,1,0,0,0,0
Union,Bonham,Straight Party,,UNC,United Citizens,1,0,1,0,0,0,0
Union,Buffalo Box 1,Straight Party,,UNC,United Citizens,1,0,1,0,0,0,0
Union,Carlisle,Straight Party,,UNC,United Citizens,2,0,2,0,0,0,0
Union,Cross Keys,Straight Party,,UNC,United Citizens,1,0,1,0,0,0,0
Union,Excelsior,Straight Party,,UNC,United Citizens,1,1,0,0,0,0,0
Union,Jonesville Box 1,Straight Party,,UNC,United Citizens,0,0,0,0,0,0,0
Union,Jonesville Box 2,Straight Party,,UNC,United Citizens,0,0,0,0,0,0,0
Union,Kelton,Straight Party,,UNC,United Citizens,2,0,2,0,0,0,0
Union,Lockhart,Straight Party,,UNC,United Citizens,1,0,1,0,0,0,0
Union,Monarch,Straight Party,,UNC,United Citizens,1,1,0,0,0,0,0
Union,Putnam,Straight Party,,UNC,United Citizens,0,0,0,0,0,0,0
Union,Santuck,Straight Party,,UNC,United Citizens,0,0,0,0,0,0,0
Union,Union Ward 1 Box 1,Straight Party,,UNC,United Citizens,0,0,0,0,0,0,0
Union,Union Ward 1 Box 2,Straight Party,,UNC,United Citizens,0,0,0,0,0,0,0
Union,Union Ward 2,Straight Party,,UNC,United Citizens,2,1,1,0,0,0,0
Union,Union Ward 3,Straight Party,,UNC,United Citizens,0,0,0,0,0,0,0
Union,Union Ward 4 Box 1,Straight Party,,UNC,United Citizens,1,1,0,0,0,0,0
Union,Union Ward 4 Box 2,Straight Party,,UNC,United Citizens,0,0,0,0,0,0,0
Union,West Springs,Straight Party,,UNC,United Citizens,0,0,0,0,0,0,0
Union,Failsafe,Straight Party,,UNC,United Citizens,0,0,0,0,0,0,0
Union,Provisional,Straight Party,,UNC,United Citizens,0,0,0,0,0,0,0
Union,Failsafe Provisional,Straight Party,,UNC,United Citizens,0,0,0,0,0,0,0
Union,Adamsburg,Straight Party,,GRN,Green,0,0,0,0,0,0,0
Union,Black Rock,Straight Party,,GRN,Green,0,0,0,0,0,0,0
Union,Bonham,Straight Party,,GRN,Green,1,1,0,0,0,0,0
Union,Buffalo Box 1,Straight Party,,GRN,Green,1,0,1,0,0,0,0
Union,Carlisle,Straight Party,,GRN,Green,0,0,0,0,0,0,0
Union,Cross Keys,Straight Party,,GRN,Green,0,0,0,0,0,0,0
Union,Excelsior,Straight Party,,GRN,Green,0,0,0,0,0,0,0
Union,Jonesville Box 1,Straight Party,,GRN,Green,0,0,0,0,0,0,0
Union,Jonesville Box 2,Straight Party,,GRN,Green,0,0,0,0,0,0,0
Union,Kelton,Straight Party,,GRN,Green,0,0,0,0,0,0,0
Union,Lockhart,Straight Party,,GRN,Green,0,0,0,0,0,0,0
Union,Monarch,Straight Party,,GRN,Green,0,0,0,0,0,0,0
Union,Putnam,Straight Party,,GRN,Green,0,0,0,0,0,0,0
Union,Santuck,Straight Party,,GRN,Green,0,0,0,0,0,0,0
Union,Union Ward 1 Box 1,Straight Party,,GRN,Green,0,0,0,0,0,0,0
Union,Union Ward 1 Box 2,Straight Party,,GRN,Green,1,0,1,0,0,0,0
Union,Union Ward 2,Straight Party,,GRN,Green,0,0,0,0,0,0,0
Union,Union Ward 3,Straight Party,,GRN,Green,0,0,0,0,0,0,0
Union,Union Ward 4 Box 1,Straight Party,,GRN,Green,0,0,0,0,0,0,0
Union,Union Ward 4 Box 2,Straight Party,,GRN,Green,0,0,0,0,0,0,0
Union,West Springs,Straight Party,,GRN,Green,0,0,0,0,0,0,0
Union,Failsafe,Straight Party,,GRN,Green,0,0,0,0,0,0,0
Union,Provisional,Straight Party,,GRN,Green,0,0,0,0,0,0,0
Union,Failsafe Provisional,Straight Party,,GRN,Green,0,0,0,0,0,0,0
Union,Adamsburg,Straight Party,,REP,Republican,159,83,75,1,0,0,0
Union,Black Rock,Straight Party,,REP,Republican,70,25,43,2,0,0,0
Union,Bonham,Straight Party,,REP,Republican,158,82,71,5,0,0,0
Union,Buffalo Box 1,Straight Party,,REP,Republican,192,95,95,2,0,0,0
Union,Carlisle,Straight Party,,REP,Republican,24,12,11,1,0,0,0
Union,Cross Keys,Straight Party,,REP,Republican,229,105,124,0,0,0,0
Union,Excelsior,Straight Party,,REP,Republican,242,161,79,2,0,0,0
Union,Jonesville Box 1,Straight Party,,REP,Republican,269,124,141,4,0,0,0
Union,Jonesville Box 2,Straight Party,,REP,Republican,286,153,129,4,0,0,0
Union,Kelton,Straight Party,,REP,Republican,193,81,107,5,0,0,0
Union,Lockhart,Straight Party,,REP,Republican,122,42,77,3,0,0,0
Union,Monarch,Straight Party,,REP,Republican,298,180,117,1,0,0,0
Union,Putnam,Straight Party,,REP,Republican,178,85,90,3,0,0,0
Union,Santuck,Straight Party,,REP,Republican,107,53,53,1,0,0,0
Union,Union Ward 1 Box 1,Straight Party,,REP,Republican,91,62,27,2,0,0,0
Union,Union Ward 1 Box 2,Straight Party,,REP,Republican,80,49,30,1,0,0,0
Union,Union Ward 2,Straight Party,,REP,Republican,80,56,24,0,0,0,0
Union,Union Ward 3,Straight Party,,REP,Republican,61,36,23,2,0,0,0
Union,Union Ward 4 Box 1,Straight Party,,REP,Republican,133,98,34,1,0,0,0
Union,Union Ward 4 Box 2,Straight Party,,REP,Republican,26,13,13,0,0,0,0
Union,West Springs,Straight Party,,REP,Republican,63,19,44,0,0,0,0
Union,Failsafe,Straight Party,,REP,Republican,0,0,0,0,0,0,0
Union,Provisional,Straight Party,,REP,Republican,0,0,0,0,0,0,0
Union,Failsafe Provisional,Straight Party,,REP,Republican,20,0,0,0,0,20,0
Union,Adamsburg,Straight Party,,LIB,Libertarian,0,0,0,0,0,0,0
Union,Black Rock,Straight Party,,LIB,Libertarian,0,0,0,0,0,0,0
Union,Bonham,Straight Party,,LIB,Libertarian,0,0,0,0,0,0,0
Union,Buffalo Box 1,Straight Party,,LIB,Libertarian,2,0,2,0,0,0,0
Union,Carlisle,Straight Party,,LIB,Libertarian,0,0,0,0,0,0,0
Union,Cross Keys,Straight Party,,LIB,Libertarian,0,0,0,0,0,0,0
Union,Excelsior,Straight Party,,LIB,Libertarian,0,0,0,0,0,0,0
Union,Jonesville Box 1,Straight Party,,LIB,Libertarian,1,0,1,0,0,0,0
Union,Jonesville Box 2,Straight Party,,LIB,Libertarian,1,0,1,0,0,0,0
Union,Kelton,Straight Party,,LIB,Libertarian,0,0,0,0,0,0,0
Union,Lockhart,Straight Party,,LIB,Libertarian,0,0,0,0,0,0,0
Union,Monarch,Straight Party,,LIB,Libertarian,0,0,0,0,0,0,0
Union,Putnam,Straight Party,,LIB,Libertarian,0,0,0,0,0,0,0
Union,Santuck,Straight Party,,LIB,Libertarian,0,0,0,0,0,0,0
Union,Union Ward 1 Box 1,Straight Party,,LIB,Libertarian,0,0,0,0,0,0,0
Union,Union Ward 1 Box 2,Straight Party,,LIB,Libertarian,0,0,0,0,0,0,0
Union,Union Ward 2,Straight Party,,LIB,Libertarian,0,0,0,0,0,0,0
Union,Union Ward 3,Straight Party,,LIB,Libertarian,0,0,0,0,0,0,0
Union,Union Ward 4 Box 1,Straight Party,,LIB,Libertarian,0,0,0,0,0,0,0
Union,Union Ward 4 Box 2,Straight Party,,LIB,Libertarian,0,0,0,0,0,0,0
Union,West Springs,Straight Party,,LIB,Libertarian,1,0,1,0,0,0,0
Union,Failsafe,Straight Party,,LIB,Libertarian,0,0,0,0,0,0,0
Union,Provisional,Straight Party,,LIB,Libertarian,0,0,0,0,0,0,0
Union,Failsafe Provisional,Straight Party,,LIB,Libertarian,0,0,0,0,0,0,0
Union,Adamsburg,Straight Party,,DEM,Democratic,18,7,11,0,0,0,0
Union,Black Rock,Straight Party,,DEM,Democratic,76,26,48,2,0,0,0
Union,Bonham,Straight Party,,DEM,Democratic,110,46,60,4,0,0,0
Union,Buffalo Box 1,Straight Party,,DEM,Democratic,91,39,52,0,0,0,0
Union,Carlisle,Straight Party,,DEM,Democratic,171,51,117,3,0,0,0
Union,Cross Keys,Straight Party,,DEM,Democratic,82,47,35,0,0,0,0
Union,Excelsior,Straight Party,,DEM,Democratic,167,101,59,7,0,0,0
Union,Jonesville Box 1,Straight Party,,DEM,Democratic,83,39,44,0,0,0,0
Union,Jonesville Box 2,Straight Party,,DEM,Democratic,136,65,67,4,0,0,0
Union,Kelton,Straight Party,,DEM,Democratic,125,36,87,2,0,0,0
Union,Lockhart,Straight Party,,DEM,Democratic,41,20,18,3,0,0,0
Union,Monarch,Straight Party,,DEM,Democratic,96,56,39,1,0,0,0
Union,Putnam,Straight Party,,DEM,Democratic,26,14,12,0,0,0,0
Union,Santuck,Straight Party,,DEM,Democratic,176,64,108,4,0,0,0
Union,Union Ward 1 Box 1,Straight Party,,DEM,Democratic,101,62,36,3,0,0,0
Union,Union Ward 1 Box 2,Straight Party,,DEM,Democratic,222,132,88,2,0,0,0
Union,Union Ward 2,Straight Party,,DEM,Democratic,189,117,70,2,0,0,0
Union,Union Ward 3,Straight Party,,DEM,Democratic,108,34,72,2,0,0,0
Union,Union Ward 4 Box 1,Straight Party,,DEM,Democratic,98,49,46,3,0,0,0
Union,Union Ward 4 Box 2,Straight Party,,DEM,Democratic,65,34,31,0,0,0,0
Union,West Springs,Straight Party,,DEM,Democratic,29,10,15,4,0,0,0
Union,Failsafe,Straight Party,,DEM,Democratic,0,0,0,0,0,0,0
Union,Provisional,Straight Party,,DEM,Democratic,0,0,0,0,0,0,0
Union,Failsafe Provisional,Straight Party,,DEM,Democratic,25,0,0,0,0,25,0
Union,Adamsburg,Straight Party,,WRK,Workers,0,0,0,0,0,0,0
Union,Black Rock,Straight Party,,WRK,Workers,0,0,0,0,0,0,0
Union,Bonham,Straight Party,,WRK,Workers,0,0,0,0,0,0,0
Union,Buffalo Box 1,Straight Party,,WRK,Workers,0,0,0,0,0,0,0
Union,Carlisle,Straight Party,,WRK,Workers,0,0,0,0,0,0,0
Union,Cross Keys,Straight Party,,WRK,Workers,0,0,0,0,0,0,0
Union,Excelsior,Straight Party,,WRK,Workers,0,0,0,0,0,0,0
Union,Jonesville Box 1,Straight Party,,WRK,Workers,0,0,0,0,0,0,0
Union,Jonesville Box 2,Straight Party,,WRK,Workers,0,0,0,0,0,0,0
Union,Kelton,Straight Party,,WRK,Workers,0,0,0,0,0,0,0
Union,Lockhart,Straight Party,,WRK,Workers,0,0,0,0,0,0,0
Union,Monarch,Straight Party,,WRK,Workers,0,0,0,0,0,0,0
Union,Putnam,Straight Party,,WRK,Workers,0,0,0,0,0,0,0
Union,Santuck,Straight Party,,WRK,Workers,0,0,0,0,0,0,0
Union,Union Ward 1 Box 1,Straight Party,,WRK,Workers,0,0,0,0,0,0,0
Union,Union Ward 1 Box 2,Straight Party,,WRK,Workers,1,0,1,0,0,0,0
Union,Union Ward 2,Straight Party,,WRK,Workers,0,0,0,0,0,0,0
Union,Union Ward 3,Straight Party,,WRK,Workers,0,0,0,0,0,0,0
Union,Union Ward 4 Box 1,Straight Party,,WRK,Workers,0,0,0,0,0,0,0
Union,Union Ward 4 Box 2,Straight Party,,WRK,Workers,0,0,0,0,0,0,0
Union,West Springs,Straight Party,,WRK,Workers,0,0,0,0,0,0,0
Union,Failsafe,Straight Party,,WRK,Workers,0,0,0,0,0,0,0
Union,Provisional,Straight Party,,WRK,Workers,0,0,0,0,0,0,0
Union,Failsafe Provisional,Straight Party,,WRK,Workers,0,0,0,0,0,0,0
Union,Adamsburg,President,,CON,Randall A Terry/Stephen E Broden,0,0,0,0,0,0,0
Union,Black Rock,President,,CON,Randall A Terry/Stephen E Broden,0,0,0,0,0,0,0
Union,Bonham,President,,CON,Randall A Terry/Stephen E Broden,2,1,1,0,0,0,0
Union,Buffalo Box 1,President,,CON,Randall A Terry/Stephen E Broden,1,0,1,0,0,0,0
Union,Carlisle,President,,CON,Randall A Terry/Stephen E Broden,1,0,1,0,0,0,0
Union,Cross Keys,President,,CON,Randall A Terry/Stephen E Broden,0,0,0,0,0,0,0
Union,Excelsior,President,,CON,Randall A Terry/Stephen E Broden,3,1,2,0,0,0,0
Union,Jonesville Box 1,President,,CON,Randall A Terry/Stephen E Broden,1,0,1,0,0,0,0
Union,Jonesville Box 2,President,,CON,Randall A Terry/Stephen E Broden,1,1,0,0,0,0,0
Union,Kelton,President,,CON,Randall A Terry/Stephen E Broden,3,2,1,0,0,0,0
Union,Lockhart,President,,CON,Randall A Terry/Stephen E Broden,0,0,0,0,0,0,0
Union,Monarch,President,,CON,Randall A Terry/Stephen E Broden,3,1,2,0,0,0,0
Union,Putnam,President,,CON,Randall A Terry/Stephen E Broden,1,0,1,0,0,0,0
Union,Santuck,President,,CON,Randall A Terry/Stephen E Broden,0,0,0,0,0,0,0
Union,Union Ward 1 Box 1,President,,CON,Randall A Terry/Stephen E Broden,1,0,1,0,0,0,0
Union,Union Ward 1 Box 2,President,,CON,Randall A Terry/Stephen E Broden,2,1,1,0,0,0,0
Union,Union Ward 2,President,,CON,Randall A Terry/Stephen E Broden,0,0,0,0,0,0,0
Union,Union Ward 3,President,,CON,Randall A Terry/Stephen E Broden,1,1,0,0,0,0,0
Union,Union Ward 4 Box 1,President,,CON,Randall A Terry/Stephen E Broden,1,1,0,0,0,0,0
Union,Union Ward 4 Box 2,President,,CON,Randall A Terry/Stephen E Broden,0,0,0,0,0,0,0
Union,West Springs,President,,CON,Randall A Terry/Stephen E Broden,0,0,0,0,0,0,0
Union,Failsafe,President,,CON,Randall A Terry/Stephen E Broden,0,0,0,0,0,0,0
Union,Provisional,President,,CON,Randall A Terry/Stephen E Broden,0,0,0,0,0,0,0
Union,Failsafe Provisional,President,,CON,Randall A Terry/Stephen E Broden,0,0,0,0,0,0,0
Union,Adamsburg,President,,UNC,Cornel West/Melina Abdulla,0,0,0,0,0,0,0
Union,Black Rock,President,,UNC,Cornel West/Melina Abdulla,1,0,1,0,0,0,0
Union,Bonham,President,,UNC,Cornel West/Melina Abdulla,2,0,2,0,0,0,0
Union,Buffalo Box 1,President,,UNC,Cornel West/Melina Abdulla,2,0,2,0,0,0,0
Union,Carlisle,President,,UNC,Cornel West/Melina Abdulla,2,0,2,0,0,0,0
Union,Cross Keys,President,,UNC,Cornel West/Melina Abdulla,1,0,1,0,0,0,0
Union,Excelsior,President,,UNC,Cornel West/Melina Abdulla,4,4,0,0,0,0,0
Union,Jonesville Box 1,President,,UNC,Cornel West/Melina Abdulla,1,0,1,0,0,0,0
Union,Jonesville Box 2,President,,UNC,Cornel West/Melina Abdulla,0,0,0,0,0,0,0
Union,Kelton,President,,UNC,Cornel West/Melina Abdulla,3,0,3,0,0,0,0
Union,Lockhart,President,,UNC,Cornel West/Melina Abdulla,3,0,3,0,0,0,0
Union,Monarch,President,,UNC,Cornel West/Melina Abdulla,2,1,1,0,0,0,0
Union,Putnam,President,,UNC,Cornel West/Melina Abdulla,0,0,0,0,0,0,0
Union,Santuck,President,,UNC,Cornel West/Melina Abdulla,1,0,1,0,0,0,0
Union,Union Ward 1 Box 1,President,,UNC,Cornel West/Melina Abdulla,2,1,1,0,0,0,0
Union,Union Ward 1 Box 2,President,,UNC,Cornel West/Melina Abdulla,0,0,0,0,0,0,0
Union,Union Ward 2,President,,UNC,Cornel West/Melina Abdulla,6,3,3,0,0,0,0
Union,Union Ward 3,President,,UNC,Cornel West/Melina Abdulla,1,0,1,0,0,0,0
Union,Union Ward 4 Box 1,President,,UNC,Cornel West/Melina Abdulla,1,1,0,0,0,0,0
Union,Union Ward 4 Box 2,President,,UNC,Cornel West/Melina Abdulla,0,0,0,0,0,0,0
Union,West Springs,President,,UNC,Cornel West/Melina Abdulla,1,0,1,0,0,0,0
Union,Failsafe,President,,UNC,Cornel West/Melina Abdulla,0,0,0,0,0,0,0
Union,Provisional,President,,UNC,Cornel West/Melina Abdulla,0,0,0,0,0,0,0
Union,Failsafe Provisional,President,,UNC,Cornel West/Melina Abdulla,0,0,0,0,0,0,0
Union,Adamsburg,President,,GRN,Jill Stein/Rudolph Butch Ware,1,0,1,0,0,0,0
Union,Black Rock,President,,GRN,Jill Stein/Rudolph Butch Ware,1,0,1,0,0,0,0
Union,Bonham,President,,GRN,Jill Stein/Rudolph Butch Ware,2,1,1,0,0,0,0
Union,Buffalo Box 1,President,,GRN,Jill Stein/Rudolph Butch Ware,1,0,1,0,0,0,0
Union,Carlisle,President,,GRN,Jill Stein/Rudolph Butch Ware,0,0,0,0,0,0,0
Union,Cross Keys,President,,GRN,Jill Stein/Rudolph Butch Ware,0,0,0,0,0,0,0
Union,Excelsior,President,,GRN,Jill Stein/Rudolph Butch Ware,1,1,0,0,0,0,0
Union,Jonesville Box 1,President,,GRN,Jill Stein/Rudolph Butch Ware,0,0,0,0,0,0,0
Union,Jonesville Box 2,President,,GRN,Jill Stein/Rudolph Butch Ware,3,1,2,0,0,0,0
Union,Kelton,President,,GRN,Jill Stein/Rudolph Butch Ware,0,0,0,0,0,0,0
Union,Lockhart,President,,GRN,Jill Stein/Rudolph Butch Ware,0,0,0,0,0,0,0
Union,Monarch,President,,GRN,Jill Stein/Rudolph Butch Ware,2,1,1,0,0,0,0
Union,Putnam,President,,GRN,Jill Stein/Rudolph Butch Ware,1,0,1,0,0,0,0
Union,Santuck,President,,GRN,Jill Stein/Rudolph Butch Ware,1,1,0,0,0,0,0
Union,Union Ward 1 Box 1,President,,GRN,Jill Stein/Rudolph Butch Ware,1,1,0,0,0,0,0
Union,Union Ward 1 Box 2,President,,GRN,Jill Stein/Rudolph Butch Ware,4,0,4,0,0,0,0
Union,Union Ward 2,President,,GRN,Jill Stein/Rudolph Butch Ware,0,0,0,0,0,0,0
Union,Union Ward 3,President,,GRN,Jill Stein/Rudolph Butch Ware,1,0,1,0,0,0,0
Union,Union Ward 4 Box 1,President,,GRN,Jill Stein/Rudolph Butch Ware,0,0,0,0,0,0,0
Union,Union Ward 4 Box 2,President,,GRN,Jill Stein/Rudolph Butch Ware,1,1,0,0,0,0,0
Union,West Springs,President,,GRN,Jill Stein/Rudolph Butch Ware,0,0,0,0,0,0,0
Union,Failsafe,President,,GRN,Jill Stein/Rudolph Butch Ware,0,0,0,0,0,0,0
Union,Provisional,President,,GRN,Jill Stein/Rudolph Butch Ware,0,0,0,0,0,0,0
Union,Failsafe Provisional,President,,GRN,Jill Stein/Rudolph Butch Ware,1,0,0,0,0,1,0
Union,Adamsburg,President,,REP,Donald J Trump/JD Vance,469,213,252,4,0,0,0
Union,Black Rock,President,,REP,Donald J Trump/JD Vance,133,43,88,2,0,0,0
Union,Bonham,President,,REP,Donald J Trump/JD Vance,459,258,191,10,0,0,0
Union,Buffalo Box 1,President,,REP,Donald J Trump/JD Vance,557,247,300,10,0,0,0
Union,Carlisle,President,,REP,Donald J Trump/JD Vance,52,26,25,1,0,0,0
Union,Cross Keys,President,,REP,Donald J Trump/JD Vance,485,220,261,4,0,0,0
Union,Excelsior,President,,REP,Donald J Trump/JD Vance,632,421,200,11,0,0,0
Union,Jonesville Box 1,President,,REP,Donald J Trump/JD Vance,569,248,317,4,0,0,0
Union,Jonesville Box 2,President,,REP,Donald J Trump/JD Vance,571,290,273,8,0,0,0
Union,Kelton,President,,REP,Donald J Trump/JD Vance,503,212,283,8,0,0,0
Union,Lockhart,President,,REP,Donald J Trump/JD Vance,361,122,234,5,0,0,0
Union,Monarch,President,,REP,Donald J Trump/JD Vance,796,442,346,8,0,0,0
Union,Putnam,President,,REP,Donald J Trump/JD Vance,498,217,278,3,0,0,0
Union,Santuck,President,,REP,Donald J Trump/JD Vance,272,135,135,2,0,0,0
Union,Union Ward 1 Box 1,President,,REP,Donald J Trump/JD Vance,280,172,103,5,0,0,0
Union,Union Ward 1 Box 2,President,,REP,Donald J Trump/JD Vance,266,166,95,5,0,0,0
Union,Union Ward 2,President,,REP,Donald J Trump/JD Vance,286,192,94,0,0,0,0
Union,Union Ward 3,President,,REP,Donald J Trump/JD Vance,166,91,70,5,0,0,0
Union,Union Ward 4 Box 1,President,,REP,Donald J Trump/JD Vance,428,294,121,13,0,0,0
Union,Union Ward 4 Box 2,President,,REP,Donald J Trump/JD Vance,68,30,36,2,0,0,0
Union,West Springs,President,,REP,Donald J Trump/JD Vance,200,49,151,0,0,0,0
Union,Failsafe,President,,REP,Donald J Trump/JD Vance,0,0,0,0,0,0,0
Union,Provisional,President,,REP,Donald J Trump/JD Vance,4,0,0,0,4,0,0
Union,Failsafe Provisional,President,,REP,Donald J Trump/JD Vance,47,0,0,0,0,47,0
Union,Adamsburg,President,,LIB,Chase Oliver/Mike ter Maat,1,0,1,0,0,0,0
Union,Black Rock,President,,LIB,Chase Oliver/Mike ter Maat,1,0,1,0,0,0,0
Union,Bonham,President,,LIB,Chase Oliver/Mike ter Maat,1,0,1,0,0,0,0
Union,Buffalo Box 1,President,,LIB,Chase Oliver/Mike ter Maat,2,0,2,0,0,0,0
Union,Carlisle,President,,LIB,Chase Oliver/Mike ter Maat,0,0,0,0,0,0,0
Union,Cross Keys,President,,LIB,Chase Oliver/Mike ter Maat,0,0,0,0,0,0,0
Union,Excelsior,President,,LIB,Chase Oliver/Mike ter Maat,2,1,1,0,0,0,0
Union,Jonesville Box 1,President,,LIB,Chase Oliver/Mike ter Maat,2,0,2,0,0,0,0
Union,Jonesville Box 2,President,,LIB,Chase Oliver/Mike ter Maat,2,0,2,0,0,0,0
Union,Kelton,President,,LIB,Chase Oliver/Mike ter Maat,0,0,0,0,0,0,0
Union,Lockhart,President,,LIB,Chase Oliver/Mike ter Maat,2,0,2,0,0,0,0
Union,Monarch,President,,LIB,Chase Oliver/Mike ter Maat,1,0,1,0,0,0,0
Union,Putnam,President,,LIB,Chase Oliver/Mike ter Maat,0,0,0,0,0,0,0
Union,Santuck,President,,LIB,Chase Oliver/Mike ter Maat,1,0,1,0,0,0,0
Union,Union Ward 1 Box 1,President,,LIB,Chase Oliver/Mike ter Maat,1,0,1,0,0,0,0
Union,Union Ward 1 Box 2,President,,LIB,Chase Oliver/Mike ter Maat,2,0,2,0,0,0,0
Union,Union Ward 2,President,,LIB,Chase Oliver/Mike ter Maat,0,0,0,0,0,0,0
Union,Union Ward 3,President,,LIB,Chase Oliver/Mike ter Maat,1,0,1,0,0,0,0
Union,Union Ward 4 Box 1,President,,LIB,Chase Oliver/Mike ter Maat,0,0,0,0,0,0,0
Union,Union Ward 4 Box 2,President,,LIB,Chase Oliver/Mike ter Maat,0,0,0,0,0,0,0
Union,West Springs,President,,LIB,Chase Oliver/Mike ter Maat,2,0,2,0,0,0,0
Union,Failsafe,President,,LIB,Chase Oliver/Mike ter Maat,0,0,0,0,0,0,0
Union,Provisional,President,,LIB,Chase Oliver/Mike ter Maat,0,0,0,0,0,0,0
Union,Failsafe Provisional,President,,LIB,Chase Oliver/Mike ter Maat,0,0,0,0,0,0,0
Union,Adamsburg,President,,DEM,DEM Kamala D Harris/Tim Walz,64,32,31,1,0,0,0
Union,Black Rock,President,,DEM,DEM Kamala D Harris/Tim Walz,136,50,84,2,0,0,0
Union,Bonham,President,,DEM,DEM Kamala D Harris/Tim Walz,206,83,116,7,0,0,0
Union,Buffalo Box 1,President,,DEM,DEM Kamala D Harris/Tim Walz,195,86,108,1,0,0,0
Union,Carlisle,President,,DEM,DEM Kamala D Harris/Tim Walz,258,85,167,6,0,0,0
Union,Cross Keys,President,,DEM,DEM Kamala D Harris/Tim Walz,158,85,70,3,0,0,0
Union,Excelsior,President,,DEM,DEM Kamala D Harris/Tim Walz,331,185,134,12,0,0,0
Union,Jonesville Box 1,President,,DEM,DEM Kamala D Harris/Tim Walz,167,76,87,4,0,0,0
Union,Jonesville Box 2,President,,DEM,DEM Kamala D Harris/Tim Walz,232,114,111,7,0,0,0
Union,Kelton,President,,DEM,DEM Kamala D Harris/Tim Walz,199,65,131,3,0,0,0
Union,Lockhart,President,,DEM,DEM Kamala D Harris/Tim Walz,79,32,44,3,0,0,0
Union,Monarch,President,,DEM,DEM Kamala D Harris/Tim Walz,206,98,105,3,0,0,0
Union,Putnam,President,,DEM,DEM Kamala D Harris/Tim Walz,58,23,35,0,0,0,0
Union,Santuck,President,,DEM,DEM Kamala D Harris/Tim Walz,267,99,163,5,0,0,0
Union,Union Ward 1 Box 1,President,,DEM,DEM Kamala D Harris/Tim Walz,191,107,81,3,0,0,0
Union,Union Ward 1 Box 2,President,,DEM,DEM Kamala D Harris/Tim Walz,395,233,159,3,0,0,0
Union,Union Ward 2,President,,DEM,DEM Kamala D Harris/Tim Walz,327,198,124,5,0,0,0
Union,Union Ward 3,President,,DEM,DEM Kamala D Harris/Tim Walz,202,81,112,9,0,0,0
Union,Union Ward 4 Box 1,President,,DEM,DEM Kamala D Harris/Tim Walz,206,112,90,4,0,0,0
Union,Union Ward 4 Box 2,President,,DEM,DEM Kamala D Harris/Tim Walz,104,54,50,0,0,0,0
Union,West Springs,President,,DEM,DEM Kamala D Harris/Tim Walz,59,20,35,4,0,0,0
Union,Failsafe,President,,DEM,DEM Kamala D Harris/Tim Walz,0,0,0,0,0,0,0
Union,Provisional,President,,DEM,DEM Kamala D Harris/Tim Walz,1,0,0,0,1,0,0
Union,Failsafe Provisional,President,,DEM,DEM Kamala D Harris/Tim Walz,43,0,0,0,0,43,0
Union,Adamsburg,President,,WRK,Claudia De La Cruz/Karina Garcia,0,0,0,0,0,0,0
Union,Black Rock,President,,WRK,Claudia De La Cruz/Karina Garcia,0,0,0,0,0,0,0
Union,Bonham,President,,WRK,Claudia De La Cruz/Karina Garcia,0,0,0,0,0,0,0
Union,Buffalo Box 1,President,,WRK,Claudia De La Cruz/Karina Garcia,2,0,2,0,0,0,0
Union,Carlisle,President,,WRK,Claudia De La Cruz/Karina Garcia,0,0,0,0,0,0,0
Union,Cross Keys,President,,WRK,Claudia De La Cruz/Karina Garcia,0,0,0,0,0,0,0
Union,Excelsior,President,,WRK,Claudia De La Cruz/Karina Garcia,2,1,1,0,0,0,0
Union,Jonesville Box 1,President,,WRK,Claudia De La Cruz/Karina Garcia,0,0,0,0,0,0,0
Union,Jonesville Box 2,President,,WRK,Claudia De La Cruz/Karina Garcia,1,1,0,0,0,0,0
Union,Kelton,President,,WRK,Claudia De La Cruz/Karina Garcia,0,0,0,0,0,0,0
Union,Lockhart,President,,WRK,Claudia De La Cruz/Karina Garcia,0,0,0,0,0,0,0
Union,Monarch,President,,WRK,Claudia De La Cruz/Karina Garcia,0,0,0,0,0,0,0
Union,Putnam,President,,WRK,Claudia De La Cruz/Karina Garcia,0,0,0,0,0,0,0
Union,Santuck,President,,WRK,Claudia De La Cruz/Karina Garcia,1,0,1,0,0,0,0
Union,Union Ward 1 Box 1,President,,WRK,Claudia De La Cruz/Karina Garcia,0,0,0,0,0,0,0
Union,Union Ward 1 Box 2,President,,WRK,Claudia De La Cruz/Karina Garcia,1,0,1,0,0,0,0
Union,Union Ward 2,President,,WRK,Claudia De La Cruz/Karina Garcia,0,0,0,0,0,0,0
Union,Union Ward 3,President,,WRK,Claudia De La Cruz/Karina Garcia,0,0,0,0,0,0,0
Union,Union Ward 4 Box 1,President,,WRK,Claudia De La Cruz/Karina Garcia,0,0,0,0,0,0,0
Union,Union Ward 4 Box 2,President,,WRK,Claudia De La Cruz/Karina Garcia,0,0,0,0,0,0,0
Union,West Springs,President,,WRK,Claudia De La Cruz/Karina Garcia,0,0,0,0,0,0,0
Union,Failsafe,President,,WRK,Claudia De La Cruz/Karina Garcia,0,0,0,0,0,0,0
Union,Provisional,President,,WRK,Claudia De La Cruz/Karina Garcia,0,0,0,0,0,0,0
Union,Failsafe Provisional,President,,WRK,Claudia De La Cruz/Karina Garcia,0,0,0,0,0,0,0
Union,Adamsburg,U.S. House,5,REP,Ralph W Norman,460,212,244,4,0,0,0
Union,Black Rock,U.S. House,5,REP,Ralph W Norman,135,44,89,2,0,0,0
Union,Bonham,U.S. House,5,REP,Ralph W Norman,457,255,193,9,0,0,0
Union,Buffalo Box 1,U.S. House,5,REP,Ralph W Norman,549,238,301,10,0,0,0
Union,Carlisle,U.S. House,5,REP,Ralph W Norman,54,27,26,1,0,0,0
Union,Cross Keys,U.S. House,5,REP,Ralph W Norman,466,211,251,4,0,0,0
Union,Excelsior,U.S. House,5,REP,Ralph W Norman,633,420,202,11,0,0,0
Union,Jonesville Box 1,U.S. House,5,REP,Ralph W Norman,550,246,300,4,0,0,0
Union,Jonesville Box 2,U.S. House,5,REP,Ralph W Norman,566,296,262,8,0,0,0
Union,Kelton,U.S. House,5,REP,Ralph W Norman,506,220,278,8,0,0,0
Union,Lockhart,U.S. House,5,REP,Ralph W Norman,360,119,236,5,0,0,0
Union,Monarch,U.S. House,5,REP,Ralph W Norman,770,430,332,8,0,0,0
Union,Putnam,U.S. House,5,REP,Ralph W Norman,486,215,268,3,0,0,0
Union,Santuck,U.S. House,5,REP,Ralph W Norman,267,128,137,2,0,0,0
Union,Union Ward 1 Box 1,U.S. House,5,REP,Ralph W Norman,277,174,98,5,0,0,0
Union,Union Ward 1 Box 2,U.S. House,5,REP,Ralph W Norman,265,168,93,4,0,0,0
Union,Union Ward 2,U.S. House,5,REP,Ralph W Norman,290,195,95,0,0,0,0
Union,Union Ward 3,U.S. House,5,REP,Ralph W Norman,170,97,68,5,0,0,0
Union,Union Ward 4 Box 1,U.S. House,5,REP,Ralph W Norman,428,292,123,13,0,0,0
Union,Union Ward 4 Box 2,U.S. House,5,REP,Ralph W Norman,59,27,30,2,0,0,0
Union,West Springs,U.S. House,5,REP,Ralph W Norman,195,47,148,0,0,0,0
Union,Failsafe,U.S. House,5,REP,Ralph W Norman,0,0,0,0,0,0,0
Union,Provisional,U.S. House,5,REP,Ralph W Norman,4,0,0,0,4,0,0
Union,Failsafe Provisional,U.S. House,5,REP,Ralph W Norman,45,0,0,0,0,45,0
Union,Adamsburg,U.S. House,5,DEM,DEM Evangeline Hundley,51,25,25,1,0,0,0
Union,Black Rock,U.S. House,5,DEM,DEM Evangeline Hundley,127,46,79,2,0,0,0
Union,Bonham,U.S. House,5,DEM,DEM Evangeline Hundley,184,73,103,8,0,0,0
Union,Buffalo Box 1,U.S. House,5,DEM,DEM Evangeline Hundley,169,75,93,1,0,0,0
Union,Carlisle,U.S. House,5,DEM,DEM Evangeline Hundley,243,76,161,6,0,0,0
Union,Cross Keys,U.S. House,5,DEM,DEM Evangeline Hundley,150,82,65,3,0,0,0
Union,Excelsior,U.S. House,5,DEM,DEM Evangeline Hundley,307,166,130,11,0,0,0
Union,Jonesville Box 1,U.S. House,5,DEM,DEM Evangeline Hundley,147,64,80,3,0,0,0
Union,Jonesville Box 2,U.S. House,5,DEM,DEM Evangeline Hundley,210,102,101,7,0,0,0
Union,Kelton,U.S. House,5,DEM,DEM Evangeline Hundley,179,54,122,3,0,0,0
Union,Lockhart,U.S. House,5,DEM,DEM Evangeline Hundley,70,30,37,3,0,0,0
Union,Monarch,U.S. House,5,DEM,DEM Evangeline Hundley,185,89,93,3,0,0,0
Union,Putnam,U.S. House,5,DEM,DEM Evangeline Hundley,53,20,33,0,0,0,0
Union,Santuck,U.S. House,5,DEM,DEM Evangeline Hundley,257,95,157,5,0,0,0
Union,Union Ward 1 Box 1,U.S. House,5,DEM,DEM Evangeline Hundley,174,99,72,3,0,0,0
Union,Union Ward 1 Box 2,U.S. House,5,DEM,DEM Evangeline Hundley,366,213,150,3,0,0,0
Union,Union Ward 2,U.S. House,5,DEM,DEM Evangeline Hundley,310,190,115,5,0,0,0
Union,Union Ward 3,U.S. House,5,DEM,DEM Evangeline Hundley,174,63,102,9,0,0,0
Union,Union Ward 4 Box 1,U.S. House,5,DEM,DEM Evangeline Hundley,187,100,83,4,0,0,0
Union,Union Ward 4 Box 2,U.S. House,5,DEM,DEM Evangeline Hundley,100,54,46,0,0,0,0
Union,West Springs,U.S. House,5,DEM,DEM Evangeline Hundley,53,18,31,4,0,0,0
Union,Failsafe,U.S. House,5,DEM,DEM Evangeline Hundley,0,0,0,0,0,0,0
Union,Provisional,U.S. House,5,DEM,DEM Evangeline Hundley,0,0,0,0,0,0,0
Union,Failsafe Provisional,U.S. House,5,DEM,DEM Evangeline Hundley,39,0,0,0,0,39,0
Union,Adamsburg,U.S. House,5,NON,Write-In,0,0,0,0,0,0,0
Union,Black Rock,U.S. House,5,NON,Write-In,1,0,1,0,0,0,0
Union,Bonham,U.S. House,5,NON,Write-In,1,1,0,0,0,0,0
Union,Buffalo Box 1,U.S. House,5,NON,Write-In,4,2,2,0,0,0,0
Union,Carlisle,U.S. House,5,NON,Write-In,0,0,0,0,0,0,0
Union,Cross Keys,U.S. House,5,NON,Write-In,1,1,0,0,0,0,0
Union,Excelsior,U.S. House,5,NON,Write-In,1,0,1,0,0,0,0
Union,Jonesville Box 1,U.S. House,5,NON,Write-In,2,2,0,0,0,0,0
Union,Jonesville Box 2,U.S. House,5,NON,Write-In,1,1,0,0,0,0,0
Union,Kelton,U.S. House,5,NON,Write-In,1,1,0,0,0,0,0
Union,Lockhart,U.S. House,5,NON,Write-In,2,2,0,0,0,0,0
Union,Monarch,U.S. House,5,NON,Write-In,0,0,0,0,0,0,0
Union,Putnam,U.S. House,5,NON,Write-In,2,1,1,0,0,0,0
Union,Santuck,U.S. House,5,NON,Write-In,0,0,0,0,0,0,0
Union,Union Ward 1 Box 1,U.S. House,5,NON,Write-In,0,0,0,0,0,0,0
Union,Union Ward 1 Box 2,U.S. House,5,NON,Write-In,4,2,2,0,0,0,0
Union,Union Ward 2,U.S. House,5,NON,Write-In,1,0,1,0,0,0,0
Union,Union Ward 3,U.S. House,5,NON,Write-In,1,1,0,0,0,0,0
Union,Union Ward 4 Box 1,U.S. House,5,NON,Write-In,1,1,0,0,0,0,0
Union,Union Ward 4 Box 2,U.S. House,5,NON,Write-In,0,0,0,0,0,0,0
Union,West Springs,U.S. House,5,NON,Write-In,0,0,0,0,0,0,0
Union,Failsafe,U.S. House,5,NON,Write-In,0,0,0,0,0,0,0
Union,Provisional,U.S. House,5,NON,Write-In,0,0,0,0,0,0,0
Union,Failsafe Provisional,U.S. House,5,NON,Write-In,0,0,0,0,0,0,0
Union,Black Rock,State Senate,9,REP,Danny Verdin,132,42,88,2,0,0,0
Union,Carlisle,State Senate,9,REP,Danny Verdin,50,23,26,1,0,0,0
Union,Excelsior,State Senate,9,REP,Danny Verdin,610,406,194,10,0,0,0
Union,Monarch,State Senate,9,REP,Danny Verdin,130,87,43,0,0,0,0
Union,Santuck,State Senate,9,REP,Danny Verdin,263,128,133,2,0,0,0
Union,Union Ward 2,State Senate,9,REP,Danny Verdin,283,189,94,0,0,0,0
Union,Union Ward 3,State Senate,9,REP,Danny Verdin,171,94,72,5,0,0,0
Union,Failsafe,State Senate,9,REP,Danny Verdin,0,0,0,0,0,0,0
Union,Provisional,State Senate,9,REP,Danny Verdin,0,0,0,0,0,0,0
Union,Failsafe Provisional,State Senate,9,REP,Danny Verdin,18,0,0,0,0,18,0
Union,Black Rock,State Senate,9,DEM,DEM C Randy Driggers,132,47,83,2,0,0,0
Union,Carlisle,State Senate,9,DEM,DEM C Randy Driggers,251,82,163,6,0,0,0
Union,Excelsior,State Senate,9,DEM,DEM C Randy Driggers,322,177,134,11,0,0,0
Union,Monarch,State Senate,9,DEM,DEM C Randy Driggers,24,6,17,1,0,0,0
Union,Santuck,State Senate,9,DEM,DEM C Randy Driggers,255,90,160,5,0,0,0
Union,Union Ward 2,State Senate,9,DEM,DEM C Randy Driggers,321,195,121,5,0,0,0
Union,Union Ward 3,State Senate,9,DEM,DEM C Randy Driggers,179,68,103,8,0,0,0
Union,Failsafe,State Senate,9,DEM,DEM C Randy Driggers,0,0,0,0,0,0,0
Union,Provisional,State Senate,9,DEM,DEM C Randy Driggers,0,0,0,0,0,0,0
Union,Failsafe Provisional,State Senate,9,DEM,DEM C Randy Driggers,13,0,0,0,0,13,0
Union,Black Rock,State Senate,9,NON,Write-In,0,0,0,0,0,0,0
Union,Carlisle,State Senate,9,NON,Write-In,0,0,0,0,0,0,0
Union,Excelsior,State Senate,9,NON,Write-In,1,0,1,0,0,0,0
Union,Monarch,State Senate,9,NON,Write-In,0,0,0,0,0,0,0
Union,Santuck,State Senate,9,NON,Write-In,1,1,0,0,0,0,0
Union,Union Ward 2,State Senate,9,NON,Write-In,2,0,2,0,0,0,0
Union,Union Ward 3,State Senate,9,NON,Write-In,0,0,0,0,0,0,0
Union,Failsafe,State Senate,9,NON,Write-In,0,0,0,0,0,0,0
Union,Provisional,State Senate,9,NON,Write-In,0,0,0,0,0,0,0
Union,Failsafe Provisional,State Senate,9,NON,Write-In,0,0,0,0,0,0,0
Union,Bonham,State Senate,13,REP,Shane Martin,498,261,225,12,0,0,0
Union,Buffalo Box 1,State Senate,13,REP,Shane Martin,604,260,334,10,0,0,0
Union,Cross Keys,State Senate,13,REP,Shane Martin,516,233,278,5,0,0,0
Union,Jonesville Box 1,State Senate,13,REP,Shane Martin,607,261,341,5,0,0,0
Union,Jonesville Box 2,State Senate,13,REP,Shane Martin,626,312,305,9,0,0,0
Union,Putnam,State Senate,13,REP,Shane Martin,513,220,290,3,0,0,0
Union,Union Ward 1 Box 1,State Senate,13,REP,Shane Martin,321,191,125,5,0,0,0
Union,Union Ward 1 Box 2,State Senate,13,REP,Shane Martin,353,213,135,5,0,0,0
Union,Union Ward 4 Box 1,State Senate,13,REP,Shane Martin,472,310,147,15,0,0,0
Union,Union Ward 4 Box 2,State Senate,13,REP,Shane Martin,84,41,41,2,0,0,0
Union,West Springs,State Senate,13,REP,Shane Martin,219,57,162,0,0,0,0
Union,Failsafe,State Senate,13,REP,Shane Martin,0,0,0,0,0,0,0
Union,Provisional,State Senate,13,REP,Shane Martin,1,0,0,0,1,0,0
Union,Failsafe Provisional,State Senate,13,REP,Shane Martin,26,0,0,0,0,26,0
Union,Bonham,State Senate,13,NON,Write-In,6,2,3,1,0,0,0
Union,Buffalo Box 1,State Senate,13,NON,Write-In,5,3,2,0,0,0,0
Union,Cross Keys,State Senate,13,NON,Write-In,4,3,1,0,0,0,0
Union,Jonesville Box 1,State Senate,13,NON,Write-In,4,2,2,0,0,0,0
Union,Jonesville Box 2,State Senate,13,NON,Write-In,2,1,1,0,0,0,0
Union,Putnam,State Senate,13,NON,Write-In,3,1,2,0,0,0,0
Union,Union Ward 1 Box 1,State Senate,13,NON,Write-In,1,0,1,0,0,0,0
Union,Union Ward 1 Box 2,State Senate,13,NON,Write-In,5,2,3,0,0,0,0
Union,Union Ward 4 Box 1,State Senate,13,NON,Write-In,12,9,3,0,0,0,0
Union,Union Ward 4 Box 2,State Senate,13,NON,Write-In,2,2,0,0,0,0,0
Union,West Springs,State Senate,13,NON,Write-In,2,0,2,0,0,0,0
Union,Failsafe,State Senate,13,NON,Write-In,0,0,0,0,0,0,0
Union,Provisional,State Senate,13,NON,Write-In,0,0,0,0,0,0,0
Union,Failsafe Provisional,State Senate,13,NON,Write-In,0,0,0,0,0,0,0
Union,Adamsburg,State Senate,14,REP,Harvey Peeler,486,221,261,4,0,0,0
Union,Kelton,State Senate,14,REP,Harvey Peeler,544,226,310,8,0,0,0
Union,Lockhart,State Senate,14,REP,Harvey Peeler,387,127,255,5,0,0,0
Union,Monarch,State Senate,14,REP,Harvey Peeler,708,365,335,8,0,0,0
Union,Failsafe,State Senate,14,REP,Harvey Peeler,0,0,0,0,0,0,0
Union,Provisional,State Senate,14,REP,Harvey Peeler,2,0,0,0,2,0,0
Union,Failsafe Provisional,State Senate,14,REP,Harvey Peeler,7,0,0,0,0,7,0
Union,Adamsburg,State Senate,14,NON,Write-In,3,1,1,1,0,0,0
Union,Kelton,State Senate,14,NON,Write-In,1,0,1,0,0,0,0
Union,Lockhart,State Senate,14,NON,Write-In,1,1,0,0,0,0,0
Union,Monarch,State Senate,14,NON,Write-In,4,4,0,0,0,0,0
Union,Failsafe,State Senate,14,NON,Write-In,0,0,0,0,0,0,0
Union,Provisional,State Senate,14,NON,Write-In,0,0,0,0,0,0,0
Union,Failsafe Provisional,State Senate,14,NON,Write-In,0,0,0,0,0,0,0
Union,Adamsburg,State House of Representatives,42,REP,Doug Gilliam,469,220,247,2,0,0,0
Union,Black Rock,State House of Representatives,42,REP,Doug Gilliam,133,44,87,2,0,0,0
Union,Bonham,State House of Representatives,42,REP,Doug Gilliam,462,252,202,8,0,0,0
Union,Buffalo Box 1,State House of Representatives,42,REP,Doug Gilliam,565,249,307,9,0,0,0
Union,Carlisle,State House of Representatives,42,REP,Doug Gilliam,58,28,29,1,0,0,0
Union,Cross Keys,State House of Representatives,42,REP,Doug Gilliam,492,225,262,5,0,0,0
Union,Excelsior,State House of Representatives,42,REP,Doug Gilliam,654,432,209,13,0,0,0
Union,Jonesville Box 1,State House of Representatives,42,REP,Doug Gilliam,566,251,311,4,0,0,0
Union,Jonesville Box 2,State House of Representatives,42,REP,Doug Gilliam,576,294,274,8,0,0,0
Union,Kelton,State House of Representatives,42,REP,Doug Gilliam,512,217,287,8,0,0,0
Union,Lockhart,State House of Representatives,42,REP,Doug Gilliam,359,115,239,5,0,0,0
Union,Monarch,State House of Representatives,42,REP,Doug Gilliam,797,446,343,8,0,0,0
Union,Putnam,State House of Representatives,42,REP,Doug Gilliam,493,212,278,3,0,0,0
Union,Santuck,State House of Representatives,42,REP,Doug Gilliam,275,133,139,3,0,0,0
Union,Union Ward 1 Box 1,State House of Representatives,42,REP,Doug Gilliam,301,188,108,5,0,0,0
Union,Union Ward 1 Box 2,State House of Representatives,42,REP,Doug Gilliam,294,186,103,5,0,0,0
Union,Union Ward 2,State House of Representatives,42,REP,Doug Gilliam,294,198,95,1,0,0,0
Union,Union Ward 3,State House of Representatives,42,REP,Doug Gilliam,180,102,71,7,0,0,0
Union,Union Ward 4 Box 1,State House of Representatives,42,REP,Doug Gilliam,432,296,123,13,0,0,0
Union,Union Ward 4 Box 2,State House of Representatives,42,REP,Doug Gilliam,66,30,34,2,0,0,0
Union,West Springs,State House of Representatives,42,REP,Doug Gilliam,203,49,154,0,0,0,0
Union,Failsafe,State House of Representatives,42,REP,Doug Gilliam,0,0,0,0,0,0,0
Union,Provisional,State House of Representatives,42,REP,Doug Gilliam,3,0,0,0,3,0,0
Union,Failsafe Provisional,State House of Representatives,42,REP,Doug Gilliam,45,0,0,0,0,45,0
Union,Adamsburg,State House of Representatives,42,DEM,DEM David Gossett,57,23,31,3,0,0,0
Union,Black Rock,State House of Representatives,42,DEM,DEM David Gossett,132,46,84,2,0,0,0
Union,Bonham,State House of Representatives,42,DEM,DEM David Gossett,192,79,104,9,0,0,0
Union,Buffalo Box 1,State House of Representatives,42,DEM,DEM David Gossett,169,75,93,1,0,0,0
Union,Carlisle,State House of Representatives,42,DEM,DEM David Gossett,245,79,160,6,0,0,0
Union,Cross Keys,State House of Representatives,42,DEM,DEM David Gossett,139,74,63,2,0,0,0
Union,Excelsior,State House of Representatives,42,DEM,DEM David Gossett,302,166,125,11,0,0,0
Union,Jonesville Box 1,State House of Representatives,42,DEM,DEM David Gossett,154,67,83,4,0,0,0
Union,Jonesville Box 2,State House of Representatives,42,DEM,DEM David Gossett,216,107,102,7,0,0,0
Union,Kelton,State House of Representatives,42,DEM,DEM David Gossett,184,57,124,3,0,0,0
Union,Lockhart,State House of Representatives,42,DEM,DEM David Gossett,81,35,43,3,0,0,0
Union,Monarch,State House of Representatives,42,DEM,DEM David Gossett,187,88,96,3,0,0,0
Union,Putnam,State House of Representatives,42,DEM,DEM David Gossett,50,22,28,0,0,0,0
Union,Santuck,State House of Representatives,42,DEM,DEM David Gossett,252,90,158,4,0,0,0
Union,Union Ward 1 Box 1,State House of Representatives,42,DEM,DEM David Gossett,163,90,70,3,0,0,0
Union,Union Ward 1 Box 2,State House of Representatives,42,DEM,DEM David Gossett,356,205,148,3,0,0,0
Union,Union Ward 2,State House of Representatives,42,DEM,DEM David Gossett,315,191,119,5,0,0,0
Union,Union Ward 3,State House of Representatives,42,DEM,DEM David Gossett,180,66,107,7,0,0,0
Union,Union Ward 4 Box 1,State House of Representatives,42,DEM,DEM David Gossett,189,100,85,4,0,0,0
Union,Union Ward 4 Box 2,State House of Representatives,42,DEM,DEM David Gossett,99,52,47,0,0,0,0
Union,West Springs,State House of Representatives,42,DEM,DEM David Gossett,55,17,34,4,0,0,0
Union,Failsafe,State House of Representatives,42,DEM,DEM David Gossett,0,0,0,0,0,0,0
Union,Provisional,State House of Representatives,42,DEM,DEM David Gossett,1,0,0,0,1,0,0
Union,Failsafe Provisional,State House of Representatives,42,DEM,DEM David Gossett,42,0,0,0,0,42,0
Union,Adamsburg,State House of Representatives,42,NON,Write-In,1,1,0,0,0,0,0
Union,Black Rock,State House of Representatives,42,NON,Write-In,0,0,0,0,0,0,0
Union,Bonham,State House of Representatives,42,NON,Write-In,0,0,0,0,0,0,0
Union,Buffalo Box 1,State House of Representatives,42,NON,Write-In,2,1,1,0,0,0,0
Union,Carlisle,State House of Representatives,42,NON,Write-In,0,0,0,0,0,0,0
Union,Cross Keys,State House of Representatives,42,NON,Write-In,2,1,1,0,0,0,0
Union,Excelsior,State House of Representatives,42,NON,Write-In,1,0,1,0,0,0,0
Union,Jonesville Box 1,State House of Representatives,42,NON,Write-In,1,1,0,0,0,0,0
Union,Jonesville Box 2,State House of Representatives,42,NON,Write-In,0,0,0,0,0,0,0
Union,Kelton,State House of Representatives,42,NON,Write-In,0,0,0,0,0,0,0
Union,Lockhart,State House of Representatives,42,NON,Write-In,3,2,1,0,0,0,0
Union,Monarch,State House of Representatives,42,NON,Write-In,2,2,0,0,0,0,0
Union,Putnam,State House of Representatives,42,NON,Write-In,2,1,1,0,0,0,0
Union,Santuck,State House of Representatives,42,NON,Write-In,2,2,0,0,0,0,0
Union,Union Ward 1 Box 1,State House of Representatives,42,NON,Write-In,0,0,0,0,0,0,0
Union,Union Ward 1 Box 2,State House of Representatives,42,NON,Write-In,2,1,1,0,0,0,0
Union,Union Ward 2,State House of Representatives,42,NON,Write-In,2,0,2,0,0,0,0
Union,Union Ward 3,State House of Representatives,42,NON,Write-In,1,1,0,0,0,0,0
Union,Union Ward 4 Box 1,State House of Representatives,42,NON,Write-In,4,4,0,0,0,0,0
Union,Union Ward 4 Box 2,State House of Representatives,42,NON,Write-In,0,0,0,0,0,0,0
Union,West Springs,State House of Representatives,42,NON,Write-In,0,0,0,0,0,0,0
Union,Failsafe,State House of Representatives,42,NON,Write-In,0,0,0,0,0,0,0
Union,Provisional,State House of Representatives,42,NON,Write-In,0,0,0,0,0,0,0
Union,Failsafe Provisional,State House of Representatives,42,NON,Write-In,0,0,0,0,0,0,0
Union,Adamsburg,Solicitor, Circuit 16,REP,Kevin Brackett,483,220,259,4,0,0,0
Union,Black Rock,Solicitor, Circuit 16,REP,Kevin Brackett,163,52,109,2,0,0,0
Union,Bonham,Solicitor, Circuit 16,REP,Kevin Brackett,505,265,229,11,0,0,0
Union,Buffalo Box 1,Solicitor, Circuit 16,REP,Kevin Brackett,597,258,329,10,0,0,0
Union,Carlisle,Solicitor, Circuit 16,REP,Kevin Brackett,96,43,49,4,0,0,0
Union,Cross Keys,Solicitor, Circuit 16,REP,Kevin Brackett,515,231,278,6,0,0,0
Union,Excelsior,Solicitor, Circuit 16,REP,Kevin Brackett,731,466,250,15,0,0,0
Union,Jonesville Box 1,Solicitor, Circuit 16,REP,Kevin Brackett,598,259,334,5,0,0,0
Union,Jonesville Box 2,Solicitor, Circuit 16,REP,Kevin Brackett,624,314,301,9,0,0,0
Union,Kelton,Solicitor, Circuit 16,REP,Kevin Brackett,539,227,304,8,0,0,0
Union,Lockhart,Solicitor, Circuit 16,REP,Kevin Brackett,382,125,252,5,0,0,0
Union,Monarch,Solicitor, Circuit 16,REP,Kevin Brackett,842,450,382,10,0,0,0
Union,Putnam,Solicitor, Circuit 16,REP,Kevin Brackett,501,220,278,3,0,0,0
Union,Santuck,Solicitor, Circuit 16,REP,Kevin Brackett,320,150,168,2,0,0,0
Union,Union Ward 1 Box 1,Solicitor, Circuit 16,REP,Kevin Brackett,331,197,128,6,0,0,0
Union,Union Ward 1 Box 2,Solicitor, Circuit 16,REP,Kevin Brackett,356,215,136,5,0,0,0
Union,Union Ward 2,Solicitor, Circuit 16,REP,Kevin Brackett,366,232,130,4,0,0,0
Union,Union Ward 3,Solicitor, Circuit 16,REP,Kevin Brackett,218,116,91,11,0,0,0
Union,Union Ward 4 Box 1,Solicitor, Circuit 16,REP,Kevin Brackett,470,309,148,13,0,0,0
Union,Union Ward 4 Box 2,Solicitor, Circuit 16,REP,Kevin Brackett,84,41,41,2,0,0,0
Union,West Springs,Solicitor, Circuit 16,REP,Kevin Brackett,214,55,159,0,0,0,0
Union,Failsafe,Solicitor, Circuit 16,REP,Kevin Brackett,0,0,0,0,0,0,0
Union,Provisional,Solicitor, Circuit 16,REP,Kevin Brackett,3,0,0,0,3,0,0
Union,Failsafe Provisional,Solicitor, Circuit 16,REP,Kevin Brackett,54,0,0,0,0,54,0
Union,Adamsburg,Solicitor, Circuit 16,NON,Write-In,5,3,1,1,0,0,0
Union,Black Rock,Solicitor, Circuit 16,NON,Write-In,5,2,3,0,0,0,0
Union,Bonham,Solicitor, Circuit 16,NON,Write-In,4,1,3,0,0,0,0
Union,Buffalo Box 1,Solicitor, Circuit 16,NON,Write-In,4,1,2,1,0,0,0
Union,Carlisle,Solicitor, Circuit 16,NON,Write-In,2,0,2,0,0,0,0
Union,Cross Keys,Solicitor, Circuit 16,NON,Write-In,2,2,0,0,0,0,0
Union,Excelsior,Solicitor, Circuit 16,NON,Write-In,8,4,4,0,0,0,0
Union,Jonesville Box 1,Solicitor, Circuit 16,NON,Write-In,3,2,1,0,0,0,0
Union,Jonesville Box 2,Solicitor, Circuit 16,NON,Write-In,3,1,2,0,0,0,0
Union,Kelton,Solicitor, Circuit 16,NON,Write-In,2,1,1,0,0,0,0
Union,Lockhart,Solicitor, Circuit 16,NON,Write-In,2,1,1,0,0,0,0
Union,Monarch,Solicitor, Circuit 16,NON,Write-In,9,7,2,0,0,0,0
Union,Putnam,Solicitor, Circuit 16,NON,Write-In,5,1,4,0,0,0,0
Union,Santuck,Solicitor, Circuit 16,NON,Write-In,5,3,2,0,0,0,0
Union,Union Ward 1 Box 1,Solicitor, Circuit 16,NON,Write-In,1,0,1,0,0,0,0
Union,Union Ward 1 Box 2,Solicitor, Circuit 16,NON,Write-In,5,1,4,0,0,0,0
Union,Union Ward 2,Solicitor, Circuit 16,NON,Write-In,4,4,0,0,0,0,0
Union,Union Ward 3,Solicitor, Circuit 16,NON,Write-In,4,1,3,0,0,0,0
Union,Union Ward 4 Box 1,Solicitor, Circuit 16,NON,Write-In,7,6,1,0,0,0,0
Union,Union Ward 4 Box 2,Solicitor, Circuit 16,NON,Write-In,1,1,0,0,0,0,0
Union,West Springs,Solicitor, Circuit 16,NON,Write-In,0,0,0,0,0,0,0
Union,Failsafe,Solicitor, Circuit 16,NON,Write-In,0,0,0,0,0,0,0
Union,Provisional,Solicitor, Circuit 16,NON,Write-In,0,0,0,0,0,0,0
Union,Failsafe Provisional,Solicitor, Circuit 16,NON,Write-In,0,0,0,0,0,0,0
Union,Adamsburg,Sheriff,,DEM,DEM Jeff D Bailey,378,173,201,4,0,0,0
Union,Black Rock,Sheriff,,DEM,DEM Jeff D Bailey,181,64,115,2,0,0,0
Union,Bonham,Sheriff,,DEM,DEM Jeff D Bailey,507,258,238,11,0,0,0
Union,Buffalo Box 1,Sheriff,,DEM,DEM Jeff D Bailey,505,208,290,7,0,0,0
Union,Carlisle,Sheriff,,DEM,DEM Jeff D Bailey,282,99,177,6,0,0,0
Union,Cross Keys,Sheriff,,DEM,DEM Jeff D Bailey,402,193,203,6,0,0,0
Union,Excelsior,Sheriff,,DEM,DEM Jeff D Bailey,707,421,263,23,0,0,0
Union,Jonesville Box 1,Sheriff,,DEM,DEM Jeff D Bailey,479,202,271,6,0,0,0
Union,Jonesville Box 2,Sheriff,,DEM,DEM Jeff D Bailey,545,275,259,11,0,0,0
Union,Kelton,Sheriff,,DEM,DEM Jeff D Bailey,512,193,310,9,0,0,0
Union,Lockhart,Sheriff,,DEM,DEM Jeff D Bailey,348,121,222,5,0,0,0
Union,Monarch,Sheriff,,DEM,DEM Jeff D Bailey,706,360,337,9,0,0,0
Union,Putnam,Sheriff,,DEM,DEM Jeff D Bailey,361,142,219,0,0,0,0
Union,Santuck,Sheriff,,DEM,DEM Jeff D Bailey,423,173,243,7,0,0,0
Union,Union Ward 1 Box 1,Sheriff,,DEM,DEM Jeff D Bailey,384,232,146,6,0,0,0
Union,Union Ward 1 Box 2,Sheriff,,DEM,DEM Jeff D Bailey,575,343,225,7,0,0,0
Union,Union Ward 2,Sheriff,,DEM,DEM Jeff D Bailey,512,325,183,4,0,0,0
Union,Union Ward 3,Sheriff,,DEM,DEM Jeff D Bailey,295,131,151,13,0,0,0
Union,Union Ward 4 Box 1,Sheriff,,DEM,DEM Jeff D Bailey,497,302,179,16,0,0,0
Union,Union Ward 4 Box 2,Sheriff,,DEM,DEM Jeff D Bailey,145,74,69,2,0,0,0
Union,West Springs,Sheriff,,DEM,DEM Jeff D Bailey,200,49,147,4,0,0,0
Union,Failsafe,Sheriff,,DEM,DEM Jeff D Bailey,0,0,0,0,0,0,0
Union,Provisional,Sheriff,,DEM,DEM Jeff D Bailey,4,0,0,0,4,0,0
Union,Failsafe Provisional,Sheriff,,DEM,DEM Jeff D Bailey,70,0,0,0,0,70,0
Union,Adamsburg,Sheriff,,NON,Write-In,16,8,8,0,0,0,0
Union,Black Rock,Sheriff,,NON,Write-In,10,0,10,0,0,0,0
Union,Bonham,Sheriff,,NON,Write-In,20,8,12,0,0,0,0
Union,Buffalo Box 1,Sheriff,,NON,Write-In,39,24,15,0,0,0,0
Union,Carlisle,Sheriff,,NON,Write-In,2,0,2,0,0,0,0
Union,Cross Keys,Sheriff,,NON,Write-In,10,7,3,0,0,0,0
Union,Excelsior,Sheriff,,NON,Write-In,24,20,4,0,0,0,0
Union,Jonesville Box 1,Sheriff,,NON,Write-In,18,6,11,1,0,0,0
Union,Jonesville Box 2,Sheriff,,NON,Write-In,10,3,7,0,0,0,0
Union,Kelton,Sheriff,,NON,Write-In,15,5,10,0,0,0,0
Union,Lockhart,Sheriff,,NON,Write-In,18,9,9,0,0,0,0
Union,Monarch,Sheriff,,NON,Write-In,36,15,21,0,0,0,0
Union,Putnam,Sheriff,,NON,Write-In,25,8,17,0,0,0,0
Union,Santuck,Sheriff,,NON,Write-In,7,3,4,0,0,0,0
Union,Union Ward 1 Box 1,Sheriff,,NON,Write-In,8,4,4,0,0,0,0
Union,Union Ward 1 Box 2,Sheriff,,NON,Write-In,13,7,6,0,0,0,0
Union,Union Ward 2,Sheriff,,NON,Write-In,18,8,9,1,0,0,0
Union,Union Ward 3,Sheriff,,NON,Write-In,9,2,6,1,0,0,0
Union,Union Ward 4 Box 1,Sheriff,,NON,Write-In,15,11,3,1,0,0,0
Union,Union Ward 4 Box 2,Sheriff,,NON,Write-In,2,2,0,0,0,0,0
Union,West Springs,Sheriff,,NON,Write-In,5,1,4,0,0,0,0
Union,Failsafe,Sheriff,,NON,Write-In,0,0,0,0,0,0,0
Union,Provisional,Sheriff,,NON,Write-In,0,0,0,0,0,0,0
Union,Failsafe Provisional,Sheriff,,NON,Write-In,1,0,0,0,0,1,0
Union,Adamsburg,Clerk of Court,,REP,Stephanie Candler Kitchens,328,153,172,3,0,0,0
Union,Black Rock,Clerk of Court,,REP,Stephanie Candler Kitchens,128,43,83,2,0,0,0
Union,Bonham,Clerk of Court,,REP,Stephanie Candler Kitchens,338,178,153,7,0,0,0
Union,Buffalo Box 1,Clerk of Court,,REP,Stephanie Candler Kitchens,402,166,231,5,0,0,0
Union,Carlisle,Clerk of Court,,REP,Stephanie Candler Kitchens,50,22,27,1,0,0,0
Union,Cross Keys,Clerk of Court,,REP,Stephanie Candler Kitchens,429,188,237,4,0,0,0
Union,Excelsior,Clerk of Court,,REP,Stephanie Candler Kitchens,524,343,174,7,0,0,0
Union,Jonesville Box 1,Clerk of Court,,REP,Stephanie Candler Kitchens,441,196,241,4,0,0,0
Union,Jonesville Box 2,Clerk of Court,,REP,Stephanie Candler Kitchens,455,243,206,6,0,0,0
Union,Kelton,Clerk of Court,,REP,Stephanie Candler Kitchens,397,162,228,7,0,0,0
Union,Lockhart,Clerk of Court,,REP,Stephanie Candler Kitchens,253,82,168,3,0,0,0
Union,Monarch,Clerk of Court,,REP,Stephanie Candler Kitchens,634,352,279,3,0,0,0
Union,Putnam,Clerk of Court,,REP,Stephanie Candler Kitchens,349,160,186,3,0,0,0
Union,Santuck,Clerk of Court,,REP,Stephanie Candler Kitchens,214,102,110,2,0,0,0
Union,Union Ward 1 Box 1,Clerk of Court,,REP,Stephanie Candler Kitchens,227,136,86,5,0,0,0
Union,Union Ward 1 Box 2,Clerk of Court,,REP,Stephanie Candler Kitchens,224,129,91,4,0,0,0
Union,Union Ward 2,Clerk of Court,,REP,Stephanie Candler Kitchens,243,160,82,1,0,0,0
Union,Union Ward 3,Clerk of Court,,REP,Stephanie Candler Kitchens,147,73,68,6,0,0,0
Union,Union Ward 4 Box 1,Clerk of Court,,REP,Stephanie Candler Kitchens,326,228,90,8,0,0,0
Union,Union Ward 4 Box 2,Clerk of Court,,REP,Stephanie Candler Kitchens,56,26,28,2,0,0,0
Union,West Springs,Clerk of Court,,REP,Stephanie Candler Kitchens,129,38,91,0,0,0,0
Union,Failsafe,Clerk of Court,,REP,Stephanie Candler Kitchens,0,0,0,0,0,0,0
Union,Provisional,Clerk of Court,,REP,Stephanie Candler Kitchens,3,0,0,0,3,0,0
Union,Failsafe Provisional,Clerk of Court,,REP,Stephanie Candler Kitchens,45,0,0,0,0,45,0
Union,Adamsburg,Clerk of Court,,DEM,DEM Melanie Lawson,202,91,109,2,0,0,0
Union,Black Rock,Clerk of Court,,DEM,DEM Melanie Lawson,135,47,86,2,0,0,0
Union,Bonham,Clerk of Court,,DEM,DEM Melanie Lawson,330,162,158,10,0,0,0
Union,Buffalo Box 1,Clerk of Court,,DEM,DEM Melanie Lawson,345,159,180,6,0,0,0
Union,Carlisle,Clerk of Court,,DEM,DEM Melanie Lawson,259,88,165,6,0,0,0
Union,Cross Keys,Clerk of Court,,DEM,DEM Melanie Lawson,205,112,90,3,0,0,0
Union,Excelsior,Clerk of Court,,DEM,DEM Melanie Lawson,437,262,160,15,0,0,0
Union,Jonesville Box 1,Clerk of Court,,DEM,DEM Melanie Lawson,279,120,155,4,0,0,0
Union,Jonesville Box 2,Clerk of Court,,DEM,DEM Melanie Lawson,339,160,170,9,0,0,0
Union,Kelton,Clerk of Court,,DEM,DEM Melanie Lawson,306,115,187,4,0,0,0
Union,Lockhart,Clerk of Court,,DEM,DEM Melanie Lawson,193,73,115,5,0,0,0
Union,Monarch,Clerk of Court,,DEM,DEM Melanie Lawson,360,184,168,8,0,0,0
Union,Putnam,Clerk of Court,,DEM,DEM Melanie Lawson,200,79,121,0,0,0,0
Union,Santuck,Clerk of Court,,DEM,DEM Melanie Lawson,322,127,190,5,0,0,0
Union,Union Ward 1 Box 1,Clerk of Court,,DEM,DEM Melanie Lawson,243,143,97,3,0,0,0
Union,Union Ward 1 Box 2,Clerk of Court,,DEM,DEM Melanie Lawson,433,267,162,4,0,0,0
Union,Union Ward 2,Clerk of Court,,DEM,DEM Melanie Lawson,368,228,136,4,0,0,0
Union,Union Ward 3,Clerk of Court,,DEM,DEM Melanie Lawson,216,97,112,7,0,0,0
Union,Union Ward 4 Box 1,Clerk of Court,,DEM,DEM Melanie Lawson,310,180,121,9,0,0,0
Union,Union Ward 4 Box 2,Clerk of Court,,DEM,DEM Melanie Lawson,111,56,55,0,0,0,0
Union,West Springs,Clerk of Court,,DEM,DEM Melanie Lawson,131,29,98,4,0,0,0
Union,Failsafe,Clerk of Court,,DEM,DEM Melanie Lawson,0,0,0,0,0,0,0
Union,Provisional,Clerk of Court,,DEM,DEM Melanie Lawson,1,0,0,0,1,0,0
Union,Failsafe Provisional,Clerk of Court,,DEM,DEM Melanie Lawson,44,0,0,0,0,44,0
Union,Adamsburg,Clerk of Court,,NON,Write-In,0,0,0,0,0,0,0
Union,Black Rock,Clerk of Court,,NON,Write-In,0,0,0,0,0,0,0
Union,Bonham,Clerk of Court,,NON,Write-In,1,0,1,0,0,0,0
Union,Buffalo Box 1,Clerk of Court,,NON,Write-In,0,0,0,0,0,0,0
Union,Carlisle,Clerk of Court,,NON,Write-In,0,0,0,0,0,0,0
Union,Cross Keys,Clerk of Court,,NON,Write-In,1,1,0,0,0,0,0
Union,Excelsior,Clerk of Court,,NON,Write-In,2,1,0,1,0,0,0
Union,Jonesville Box 1,Clerk of Court,,NON,Write-In,1,1,0,0,0,0,0
Union,Jonesville Box 2,Clerk of Court,,NON,Write-In,0,0,0,0,0,0,0
Union,Kelton,Clerk of Court,,NON,Write-In,0,0,0,0,0,0,0
Union,Lockhart,Clerk of Court,,NON,Write-In,0,0,0,0,0,0,0
Union,Monarch,Clerk of Court,,NON,Write-In,1,1,0,0,0,0,0
Union,Putnam,Clerk of Court,,NON,Write-In,1,0,1,0,0,0,0
Union,Santuck,Clerk of Court,,NON,Write-In,0,0,0,0,0,0,0
Union,Union Ward 1 Box 1,Clerk of Court,,NON,Write-In,0,0,0,0,0,0,0
Union,Union Ward 1 Box 2,Clerk of Court,,NON,Write-In,1,0,1,0,0,0,0
Union,Union Ward 2,Clerk of Court,,NON,Write-In,1,0,1,0,0,0,0
Union,Union Ward 3,Clerk of Court,,NON,Write-In,0,0,0,0,0,0,0
Union,Union Ward 4 Box 1,Clerk of Court,,NON,Write-In,0,0,0,0,0,0,0
Union,Union Ward 4 Box 2,Clerk of Court,,NON,Write-In,0,0,0,0,0,0,0
Union,West Springs,Clerk of Court,,NON,Write-In,0,0,0,0,0,0,0
Union,Failsafe,Clerk of Court,,NON,Write-In,0,0,0,0,0,0,0
Union,Provisional,Clerk of Court,,NON,Write-In,0,0,0,0,0,0,0
Union,Failsafe Provisional,Clerk of Court,,NON,Write-In,0,0,0,0,0,0,0
Union,Black Rock,County Council District 2,,DEM,DEM John Glenn,182,58,122,2,0,0,0
Union,Carlisle,County Council District 2,,DEM,DEM John Glenn,286,96,184,6,0,0,0
Union,Cross Keys,County Council District 2,,DEM,DEM John Glenn,353,173,175,5,0,0,0
Union,Jonesville Box 2,County Council District 2,,DEM,DEM John Glenn,161,73,83,5,0,0,0
Union,Putnam,County Council District 2,,DEM,DEM John Glenn,48,19,29,0,0,0,0
Union,Santuck,County Council District 2,,DEM,DEM John Glenn,390,161,222,7,0,0,0
Union,West Springs,County Council District 2,,DEM,DEM John Glenn,172,39,129,4,0,0,0
Union,Failsafe,County Council District 2,,DEM,DEM John Glenn,0,0,0,0,0,0,0
Union,Provisional,County Council District 2,,DEM,DEM John Glenn,0,0,0,0,0,0,0
Union,Failsafe Provisional,County Council District 2,,DEM,DEM John Glenn,2,0,0,0,0,2,0
Union,Black Rock,County Council District 2,,NON,Write-In,3,1,2,0,0,0,0
Union,Carlisle,County Council District 2,,NON,Write-In,0,0,0,0,0,0,0
Union,Cross Keys,County Council District 2,,NON,Write-In,10,5,4,1,0,0,0
Union,Jonesville Box 2,County Council District 2,,NON,Write-In,2,1,1,0,0,0,0
Union,Putnam,County Council District 2,,NON,Write-In,2,2,0,0,0,0,0
Union,Santuck,County Council District 2,,NON,Write-In,10,3,7,0,0,0,0
Union,West Springs,County Council District 2,,NON,Write-In,5,0,5,0,0,0,0
Union,Failsafe,County Council District 2,,NON,Write-In,0,0,0,0,0,0,0
Union,Provisional,County Council District 2,,NON,Write-In,0,0,0,0,0,0,0
Union,Failsafe Provisional,County Council District 2,,NON,Write-In,0,0,0,0,0,0,0
Union,Bonham,County Council District 3,,REP,David Sinclair,128,71,57,0,0,0,0
Union,Buffalo Box 1,County Council District 3,,REP,David Sinclair,534,230,301,3,0,0,0
Union,Excelsior,County Council District 3,,REP,David Sinclair,636,427,199,10,0,0,0
Union,Putnam,County Council District 3,,REP,David Sinclair,416,179,237,0,0,0,0
Union,Failsafe,County Council District 3,,REP,David Sinclair,0,0,0,0,0,0,0
Union,Provisional,County Council District 3,,REP,David Sinclair,0,0,0,0,0,0,0
Union,Failsafe Provisional,County Council District 3,,REP,David Sinclair,14,0,0,0,0,14,0
Union,Bonham,County Council District 3,,NON,Write-In,0,0,0,0,0,0,0
Union,Buffalo Box 1,County Council District 3,,NON,Write-In,8,2,5,1,0,0,0
Union,Excelsior,County Council District 3,,NON,Write-In,4,0,4,0,0,0,0
Union,Putnam,County Council District 3,,NON,Write-In,4,1,3,0,0,0,0
Union,Failsafe,County Council District 3,,NON,Write-In,0,0,0,0,0,0,0
Union,Provisional,County Council District 3,,NON,Write-In,0,0,0,0,0,0,0
Union,Failsafe Provisional,County Council District 3,,NON,Write-In,0,0,0,0,0,0,0
Union,Excelsior,County Council District 5,,REP,Tamiann L Adams,71,38,32,1,0,0,0
Union,Monarch,County Council District 5,,REP,Tamiann L Adams,101,62,38,1,0,0,0
Union,Union Ward 1 Box 1,County Council District 5,,REP,Tamiann L Adams,9,7,2,0,0,0,0
Union,Union Ward 1 Box 2,County Council District 5,,REP,Tamiann L Adams,7,3,4,0,0,0,0
Union,Union Ward 2,County Council District 5,,REP,Tamiann L Adams,217,147,69,1,0,0,0
Union,Union Ward 3,County Council District 5,,REP,Tamiann L Adams,68,37,31,0,0,0,0
Union,Union Ward 4 Box 1,County Council District 5,,REP,Tamiann L Adams,9,3,6,0,0,0,0
Union,Union Ward 4 Box 2,County Council District 5,,REP,Tamiann L Adams,46,19,25,2,0,0,0
Union,Failsafe,County Council District 5,,REP,Tamiann L Adams,0,0,0,0,0,0,0
Union,Provisional,County Council District 5,,REP,Tamiann L Adams,0,0,0,0,0,0,0
Union,Failsafe Provisional,County Council District 5,,REP,Tamiann L Adams,8,0,0,0,0,8,0
Union,Excelsior,County Council District 5,,DEM,DEM Carolyn Rutherford,104,53,47,4,0,0,0
Union,Monarch,County Council District 5,,DEM,DEM Carolyn Rutherford,63,29,34,0,0,0,0
Union,Union Ward 1 Box 1,County Council District 5,,DEM,DEM Carolyn Rutherford,75,43,31,1,0,0,0
Union,Union Ward 1 Box 2,County Council District 5,,DEM,DEM Carolyn Rutherford,100,58,40,2,0,0,0
Union,Union Ward 2,County Council District 5,,DEM,DEM Carolyn Rutherford,383,231,148,4,0,0,0
Union,Union Ward 3,County Council District 5,,DEM,DEM Carolyn Rutherford,141,53,86,2,0,0,0
Union,Union Ward 4 Box 1,County Council District 5,,DEM,DEM Carolyn Rutherford,50,16,33,1,0,0,0
Union,Union Ward 4 Box 2,County Council District 5,,DEM,DEM Carolyn Rutherford,95,48,47,0,0,0,0
Union,Failsafe,County Council District 5,,DEM,DEM Carolyn Rutherford,0,0,0,0,0,0,0
Union,Provisional,County Council District 5,,DEM,DEM Carolyn Rutherford,0,0,0,0,0,0,0
Union,Failsafe Provisional,County Council District 5,,DEM,DEM Carolyn Rutherford,21,0,0,0,0,21,0
Union,Excelsior,County Council District 5,,NON,Write-In,0,0,0,0,0,0,0
Union,Monarch,County Council District 5,,NON,Write-In,0,0,0,0,0,0,0
Union,Union Ward 1 Box 1,County Council District 5,,NON,Write-In,0,0,0,0,0,0,0
Union,Union Ward 1 Box 2,County Council District 5,,NON,Write-In,0,0,0,0,0,0,0
Union,Union Ward 2,County Council District 5,,NON,Write-In,4,2,2,0,0,0,0
Union,Union Ward 3,County Council District 5,,NON,Write-In,0,0,0,0,0,0,0
Union,Union Ward 4 Box 1,County Council District 5,,NON,Write-In,0,0,0,0,0,0,0
Union,Union Ward 4 Box 2,County Council District 5,,NON,Write-In,1,1,0,0,0,0,0
Union,Failsafe,County Council District 5,,NON,Write-In,0,0,0,0,0,0,0
Union,Provisional,County Council District 5,,NON,Write-In,0,0,0,0,0,0,0
Union,Failsafe Provisional,County Council District 5,,NON,Write-In,0,0,0,0,0,0,0
Union,Buffalo Box 1,County Council District 6,,REP,John Flood,81,38,38,5,0,0,0
Union,Union Ward 1 Box 1,County Council District 6,,REP,John Flood,307,184,118,5,0,0,0
Union,Union Ward 1 Box 2,County Council District 6,,REP,John Flood,331,202,124,5,0,0,0
Union,Union Ward 3,County Council District 6,,REP,John Flood,116,66,44,6,0,0,0
Union,Union Ward 4 Box 1,County Council District 6,,REP,John Flood,453,308,132,13,0,0,0
Union,Union Ward 4 Box 2,County Council District 6,,REP,John Flood,20,11,9,0,0,0,0
Union,Failsafe,County Council District 6,,REP,John Flood,0,0,0,0,0,0,0
Union,Provisional,County Council District 6,,REP,John Flood,0,0,0,0,0,0,0
Union,Failsafe Provisional,County Council District 6,,REP,John Flood,7,0,0,0,0,7,0
Union,Buffalo Box 1,County Council District 6,,NON,Write-In,0,0,0,0,0,0,0
Union,Union Ward 1 Box 1,County Council District 6,,NON,Write-In,4,3,1,0,0,0,0
Union,Union Ward 1 Box 2,County Council District 6,,NON,Write-In,12,8,4,0,0,0,0
Union,Union Ward 3,County Council District 6,,NON,Write-In,0,0,0,0,0,0,0
Union,Union Ward 4 Box 1,County Council District 6,,NON,Write-In,10,8,2,0,0,0,0
Union,Union Ward 4 Box 2,County Council District 6,,NON,Write-In,0,0,0,0,0,0,0
Union,Failsafe,County Council District 6,,NON,Write-In,0,0,0,0,0,0,0
Union,Provisional,County Council District 6,,NON,Write-In,0,0,0,0,0,0,0
Union,Failsafe Provisional,County Council District 6,,NON,Write-In,1,0,0,0,0,1,0
Union,Adamsburg,Soil and Water District Commission,,NON,John Kingsmore,365,165,197,3,0,0,0
Union,Black Rock,Soil and Water District Commission,,NON,John Kingsmore,128,38,90,0,0,0,0
Union,Bonham,Soil and Water District Commission,,NON,John Kingsmore,421,215,194,12,0,0,0
Union,Buffalo Box 1,Soil and Water District Commission,,NON,John Kingsmore,458,203,246,9,0,0,0
Union,Carlisle,Soil and Water District Commission,,NON,John Kingsmore,102,36,61,5,0,0,0
Union,Cross Keys,Soil and Water District Commission,,NON,John Kingsmore,325,146,173,6,0,0,0
Union,Excelsior,Soil and Water District Commission,,NON,John Kingsmore,611,379,216,16,0,0,0
Union,Jonesville Box 1,Soil and Water District Commission,,NON,John Kingsmore,417,175,239,3,0,0,0
Union,Jonesville Box 2,Soil and Water District Commission,,NON,John Kingsmore,415,210,199,6,0,0,0
Union,Kelton,Soil and Water District Commission,,NON,John Kingsmore,392,158,229,5,0,0,0
Union,Lockhart,Soil and Water District Commission,,NON,John Kingsmore,302,100,198,4,0,0,0
Union,Monarch,Soil and Water District Commission,,NON,John Kingsmore,637,315,314,8,0,0,0
Union,Putnam,Soil and Water District Commission,,NON,John Kingsmore,378,156,222,0,0,0,0
Union,Santuck,Soil and Water District Commission,,NON,John Kingsmore,270,120,147,3,0,0,0
Union,Union Ward 1 Box 1,Soil and Water District Commission,,NON,John Kingsmore,288,167,116,5,0,0,0
Union,Union Ward 1 Box 2,Soil and Water District Commission,,NON,John Kingsmore,336,206,124,6,0,0,0
Union,Union Ward 2,Soil and Water District Commission,,NON,John Kingsmore,441,271,165,5,0,0,0
Union,Union Ward 3,Soil and Water District Commission,,NON,John Kingsmore,224,105,108,11,0,0,0
Union,Union Ward 4 Box 1,Soil and Water District Commission,,NON,John Kingsmore,421,273,135,13,0,0,0
Union,Union Ward 4 Box 2,Soil and Water District Commission,,NON,John Kingsmore,83,47,34,2,0,0,0
Union,West Springs,Soil and Water District Commission,,NON,John Kingsmore,175,44,130,1,0,0,0
Union,Failsafe,Soil and Water District Commission,,NON,John Kingsmore,0,0,0,0,0,0,0
Union,Provisional,Soil and Water District Commission,,NON,John Kingsmore,4,0,0,0,4,0,0
Union,Failsafe Provisional,Soil and Water District Commission,,NON,John Kingsmore,44,0,0,0,0,44,0
Union,Adamsburg,Soil and Water District Commission,,NON,Write-In,2,2,0,0,0,0,0
Union,Black Rock,Soil and Water District Commission,,NON,Write-In,2,0,2,0,0,0,0
Union,Bonham,Soil and Water District Commission,,NON,Write-In,1,0,1,0,0,0,0
Union,Buffalo Box 1,Soil and Water District Commission,,NON,Write-In,5,0,5,0,0,0,0
Union,Carlisle,Soil and Water District Commission,,NON,Write-In,0,0,0,0,0,0,0
Union,Cross Keys,Soil and Water District Commission,,NON,Write-In,4,2,2,0,0,0,0
Union,Excelsior,Soil and Water District Commission,,NON,Write-In,4,3,1,0,0,0,0
Union,Jonesville Box 1,Soil and Water District Commission,,NON,Write-In,5,2,2,1,0,0,0
Union,Jonesville Box 2,Soil and Water District Commission,,NON,Write-In,1,1,0,0,0,0,0
Union,Kelton,Soil and Water District Commission,,NON,Write-In,3,2,1,0,0,0,0
Union,Lockhart,Soil and Water District Commission,,NON,Write-In,1,0,1,0,0,0,0
Union,Monarch,Soil and Water District Commission,,NON,Write-In,1,1,0,0,0,0,0
Union,Putnam,Soil and Water District Commission,,NON,Write-In,5,1,4,0,0,0,0
Union,Santuck,Soil and Water District Commission,,NON,Write-In,1,1,0,0,0,0,0
Union,Union Ward 1 Box 1,Soil and Water District Commission,,NON,Write-In,0,0,0,0,0,0,0
Union,Union Ward 1 Box 2,Soil and Water District Commission,,NON,Write-In,6,1,5,0,0,0,0
Union,Union Ward 2,Soil and Water District Commission,,NON,Write-In,1,1,0,0,0,0,0
Union,Union Ward 3,Soil and Water District Commission,,NON,Write-In,2,1,1,0,0,0,0
Union,Union Ward 4 Box 1,Soil and Water District Commission,,NON,Write-In,3,3,0,0,0,0,0
Union,Union Ward 4 Box 2,Soil and Water District Commission,,NON,Write-In,0,0,0,0,0,0,0
Union,West Springs,Soil and Water District Commission,,NON,Write-In,0,0,0,0,0,0,0
Union,Failsafe,Soil and Water District Commission,,NON,Write-In,0,0,0,0,0,0,0
Union,Provisional,Soil and Water District Commission,,NON,Write-In,0,0,0,0,0,0,0
Union,Failsafe Provisional,Soil and Water District Commission,,NON,Write-In,0,0,0,0,0,0,0
Union,Black Rock,School Board District 1,,NON,Betty Joann McMorris,107,39,68,0,0,0,0
Union,Carlisle,School Board District 1,,NON,Betty Joann McMorris,227,72,150,5,0,0,0
Union,Excelsior,School Board District 1,,NON,Betty Joann McMorris,195,105,86,4,0,0,0
Union,Monarch,School Board District 1,,NON,Betty Joann McMorris,63,34,29,0,0,0,0
Union,Santuck,School Board District 1,,NON,Betty Joann McMorris,318,137,179,2,0,0,0
Union,Union Ward 2,School Board District 1,,NON,Betty Joann McMorris,53,31,22,0,0,0,0
Union,Failsafe,School Board District 1,,NON,Betty Joann McMorris,0,0,0,0,0,0,0
Union,Provisional,School Board District 1,,NON,Betty Joann McMorris,0,0,0,0,0,0,0
Union,Failsafe Provisional,School Board District 1,,NON,Betty Joann McMorris,9,0,0,0,0,9,0
Union,Black Rock,School Board District 1,,NON,Write-In,3,1,2,0,0,0,0
Union,Carlisle,School Board District 1,,NON,Write-In,1,1,0,0,0,0,0
Union,Excelsior,School Board District 1,,NON,Write-In,2,0,2,0,0,0,0
Union,Monarch,School Board District 1,,NON,Write-In,1,1,0,0,0,0,0
Union,Santuck,School Board District 1,,NON,Write-In,3,0,3,0,0,0,0
Union,Union Ward 2,School Board District 1,,NON,Write-In,0,0,0,0,0,0,0
Union,Failsafe,School Board District 1,,NON,Write-In,0,0,0,0,0,0,0
Union,Provisional,School Board District 1,,NON,Write-In,0,0,0,0,0,0,0
Union,Failsafe Provisional,School Board District 1,,NON,Write-In,0,0,0,0,0,0,0
Union,Adamsburg,School Board District 2,,NON,Mark Ivey,224,100,123,1,0,0,0
Union,Bonham,School Board District 2,,NON,Mark Ivey,13,11,2,0,0,0,0
Union,Lockhart,School Board District 2,,NON,Mark Ivey,5,3,2,0,0,0,0
Union,Monarch,School Board District 2,,NON,Mark Ivey,459,224,229,6,0,0,0
Union,Santuck,School Board District 2,,NON,Mark Ivey,31,19,11,1,0,0,0
Union,Union Ward 1 Box 1,School Board District 2,,NON,Mark Ivey,50,32,17,1,0,0,0
Union,Union Ward 1 Box 2,School Board District 2,,NON,Mark Ivey,45,26,18,1,0,0,0
Union,Failsafe,School Board District 2,,NON,Mark Ivey,0,0,0,0,0,0,0
Union,Provisional,School Board District 2,,NON,Mark Ivey,0,0,0,0,0,0,0
Union,Failsafe Provisional,School Board District 2,,NON,Mark Ivey,4,0,0,0,0,4,0
Union,Adamsburg,School Board District 2,,NON,Write-In,3,3,0,0,0,0,0
Union,Bonham,School Board District 2,,NON,Write-In,0,0,0,0,0,0,0
Union,Lockhart,School Board District 2,,NON,Write-In,1,0,1,0,0,0,0
Union,Monarch,School Board District 2,,NON,Write-In,8,4,4,0,0,0,0
Union,Santuck,School Board District 2,,NON,Write-In,0,0,0,0,0,0,0
Union,Union Ward 1 Box 1,School Board District 2,,NON,Write-In,1,1,0,0,0,0,0
Union,Union Ward 1 Box 2,School Board District 2,,NON,Write-In,1,0,1,0,0,0,0
Union,Failsafe,School Board District 2,,NON,Write-In,0,0,0,0,0,0,0
Union,Provisional,School Board District 2,,NON,Write-In,0,0,0,0,0,0,0
Union,Failsafe Provisional,School Board District 2,,NON,Write-In,0,0,0,0,0,0,0
Union,Bonham,School Board District 6,,NON,Kevin Brewington,351,179,160,12,0,0,0
Union,Buffalo Box 1,School Board District 6,,NON,Kevin Brewington,32,16,16,0,0,0,0
Union,Jonesville Box 1,School Board District 6,,NON,Kevin Brewington,26,13,13,0,0,0,0
Union,Jonesville Box 2,School Board District 6,,NON,Kevin Brewington,85,49,34,2,0,0,0
Union,Kelton,School Board District 6,,NON,Kevin Brewington,7,5,2,0,0,0,0
Union,Union Ward 1 Box 2,School Board District 6,,NON,Kevin Brewington,68,44,24,0,0,0,0
Union,Union Ward 4 Box 1,School Board District 6,,NON,Kevin Brewington,346,224,114,8,0,0,0
Union,Failsafe,School Board District 6,,NON,Kevin Brewington,0,0,0,0,0,0,0
Union,Provisional,School Board District 6,,NON,Kevin Brewington,0,0,0,0,0,0,0
Union,Failsafe Provisional,School Board District 6,,NON,Kevin Brewington,7,0,0,0,0,7,0
Union,Bonham,School Board District 6,,NON,Write-In,1,1,0,0,0,0,0
Union,Buffalo Box 1,School Board District 6,,NON,Write-In,0,0,0,0,0,0,0
Union,Jonesville Box 1,School Board District 6,,NON,Write-In,0,0,0,0,0,0,0
Union,Jonesville Box 2,School Board District 6,,NON,Write-In,0,0,0,0,0,0,0
Union,Kelton,School Board District 6,,NON,Write-In,0,0,0,0,0,0,0
Union,Union Ward 1 Box 2,School Board District 6,,NON,Write-In,0,0,0,0,0,0,0
Union,Union Ward 4 Box 1,School Board District 6,,NON,Write-In,5,3,0,2,0,0,0
Union,Failsafe,School Board District 6,,NON,Write-In,0,0,0,0,0,0,0
Union,Provisional,School Board District 6,,NON,Write-In,0,0,0,0,0,0,0
Union,Failsafe Provisional,School Board District 6,,NON,Write-In,0,0,0,0,0,0,0
Union,Union Ward 1 Box 2,School Board District 7,,NON,Manning Truck Jeter,62,28,32,2,0,0,0
Union,Union Ward 2,School Board District 7,,NON,Manning Truck Jeter,143,73,68,2,0,0,0
Union,Union Ward 3,School Board District 7,,NON,Manning Truck Jeter,216,94,112,10,0,0,0
Union,Union Ward 4 Box 1,School Board District 7,,NON,Manning Truck Jeter,93,57,36,0,0,0,0
Union,Union Ward 4 Box 2,School Board District 7,,NON,Manning Truck Jeter,118,63,53,2,0,0,0
Union,Failsafe,School Board District 7,,NON,Manning Truck Jeter,0,0,0,0,0,0,0
Union,Provisional,School Board District 7,,NON,Manning Truck Jeter,0,0,0,0,0,0,0
Union,Failsafe Provisional,School Board District 7,,NON,Manning Truck Jeter,11,0,0,0,0,11,0
Union,Union Ward 1 Box 2,School Board District 7,,NON,Write-In,3,2,1,0,0,0,0
Union,Union Ward 2,School Board District 7,,NON,Write-In,0,0,0,0,0,0,0
Union,Union Ward 3,School Board District 7,,NON,Write-In,4,2,1,1,0,0,0
Union,Union Ward 4 Box 1,School Board District 7,,NON,Write-In,0,0,0,0,0,0,0
Union,Union Ward 4 Box 2,School Board District 7,,NON,Write-In,1,1,0,0,0,0,0
Union,Failsafe,School Board District 7,,NON,Write-In,0,0,0,0,0,0,0
Union,Provisional,School Board District 7,,NON,Write-In,0,0,0,0,0,0,0
Union,Failsafe Provisional,School Board District 7,,NON,Write-In,0,0,0,0,0,0,0
Union,Adamsburg,Browns Creek Watershed Conservation District,,NON,Charleen Alman,120,59,61,0,0,0,0
Union,Bonham,Browns Creek Watershed Conservation District,,NON,Charleen Alman,161,93,67,1,0,0,0
Union,Kelton,Browns Creek Watershed Conservation District,,NON,Charleen Alman,131,61,68,2,0,0,0
Union,Monarch,Browns Creek Watershed Conservation District,,NON,Charleen Alman,272,138,131,3,0,0,0
Union,Failsafe,Browns Creek Watershed Conservation District,,NON,Charleen Alman,0,0,0,0,0,0,0
Union,Provisional,Browns Creek Watershed Conservation District,,NON,Charleen Alman,1,0,0,0,1,0,0
Union,Failsafe Provisional,Browns Creek Watershed Conservation District,,NON,Charleen Alman,2,0,0,0,0,2,0
Union,Adamsburg,Browns Creek Watershed Conservation District,,NON,Cody Belue,107,49,58,0,0,0,0
Union,Bonham,Browns Creek Watershed Conservation District,,NON,Cody Belue,121,70,50,1,0,0,0
Union,Kelton,Browns Creek Watershed Conservation District,,NON,Cody Belue,105,51,52,2,0,0,0
Union,Monarch,Browns Creek Watershed Conservation District,,NON,Cody Belue,235,125,106,4,0,0,0
Union,Failsafe,Browns Creek Watershed Conservation District,,NON,Cody Belue,0,0,0,0,0,0,0
Union,Provisional,Browns Creek Watershed Conservation District,,NON,Cody Belue,1,0,0,0,1,0,0
Union,Failsafe Provisional,Browns Creek Watershed Conservation District,,NON,Cody Belue,3,0,0,0,0,3,0
Union,Adamsburg,Browns Creek Watershed Conservation District,,NON,Nancy Garner,106,48,58,0,0,0,0
Union,Bonham,Browns Creek Watershed Conservation District,,NON,Nancy Garner,133,75,57,1,0,0,0
Union,Kelton,Browns Creek Watershed Conservation District,,NON,Nancy Garner,122,59,62,1,0,0,0
Union,Monarch,Browns Creek Watershed Conservation District,,NON,Nancy Garner,204,112,89,3,0,0,0
Union,Failsafe,Browns Creek Watershed Conservation District,,NON,Nancy Garner,0,0,0,0,0,0,0
Union,Provisional,Browns Creek Watershed Conservation District,,NON,Nancy Garner,1,0,0,0,1,0,0
Union,Failsafe Provisional,Browns Creek Watershed Conservation District,,NON,Nancy Garner,1,0,0,0,0,1,0
Union,Adamsburg,Browns Creek Watershed Conservation District,,NON,Write-In,4,0,4,0,0,0,0
Union,Bonham,Browns Creek Watershed Conservation District,,NON,Write-In,4,2,2,0,0,0,0
Union,Kelton,Browns Creek Watershed Conservation District,,NON,Write-In,3,0,3,0,0,0,0
Union,Monarch,Browns Creek Watershed Conservation District,,NON,Write-In,3,1,2,0,0,0,0
Union,Failsafe,Browns Creek Watershed Conservation District,,NON,Write-In,0,0,0,0,0,0,0
Union,Provisional,Browns Creek Watershed Conservation District,,NON,Write-In,0,0,0,0,0,0,0
Union,Failsafe Provisional,Browns Creek Watershed Conservation District,,NON,Write-In,0,0,0,0,0,0,0
Union,Black Rock,Fire District Commissioner Santuc FD,,NON,Dena Jones Addis,48,16,32,0,0,0,0
Union,Carlisle,Fire District Commissioner Santuc FD,,NON,Dena Jones Addis,33,13,19,1,0,0,0
Union,Excelsior,Fire District Commissioner Santuc FD,,NON,Dena Jones Addis,21,9,11,1,0,0,0
Union,Santuck,Fire District Commissioner Santuc FD,,NON,Dena Jones Addis,232,98,132,2,0,0,0
Union,Failsafe,Fire District Commissioner Santuc FD,,NON,Dena Jones Addis,0,0,0,0,0,0,0
Union,Provisional,Fire District Commissioner Santuc FD,,NON,Dena Jones Addis,0,0,0,0,0,0,0
Union,Failsafe Provisional,Fire District Commissioner Santuc FD,,NON,Dena Jones Addis,1,0,0,0,0,1,0
Union,Black Rock,Fire District Commissioner Santuc FD,,NON,Jacob Arnold,46,15,31,0,0,0,0
Union,Carlisle,Fire District Commissioner Santuc FD,,NON,Jacob Arnold,17,9,8,0,0,0,0
Union,Excelsior,Fire District Commissioner Santuc FD,,NON,Jacob Arnold,19,14,4,1,0,0,0
Union,Santuck,Fire District Commissioner Santuc FD,,NON,Jacob Arnold,172,81,89,2,0,0,0
Union,Failsafe,Fire District Commissioner Santuc FD,,NON,Jacob Arnold,0,0,0,0,0,0,0
Union,Provisional,Fire District Commissioner Santuc FD,,NON,Jacob Arnold,0,0,0,0,0,0,0
Union,Failsafe Provisional,Fire District Commissioner Santuc FD,,NON,Jacob Arnold,0,0,0,0,0,0,0
Union,Black Rock,Fire District Commissioner Santuc FD,,NON,Smitty Gregory,29,7,22,0,0,0,0
Union,Carlisle,Fire District Commissioner Santuc FD,,NON,Smitty Gregory,32,14,18,0,0,0,0
Union,Excelsior,Fire District Commissioner Santuc FD,,NON,Smitty Gregory,15,9,5,1,0,0,0
Union,Santuck,Fire District Commissioner Santuc FD,,NON,Smitty Gregory,215,94,117,4,0,0,0
Union,Failsafe,Fire District Commissioner Santuc FD,,NON,Smitty Gregory,0,0,0,0,0,0,0
Union,Provisional,Fire District Commissioner Santuc FD,,NON,Smitty Gregory,0,0,0,0,0,0,0
Union,Failsafe Provisional,Fire District Commissioner Santuc FD,,NON,Smitty Gregory,0,0,0,0,0,0,0
Union,Black Rock,Fire District Commissioner Santuc FD,,NON,Write-In,1,0,1,0,0,0,0
Union,Carlisle,Fire District Commissioner Santuc FD,,NON,Write-In,1,0,1,0,0,0,0
Union,Excelsior,Fire District Commissioner Santuc FD,,NON,Write-In,0,0,0,0,0,0,0
Union,Santuck,Fire District Commissioner Santuc FD,,NON,Write-In,5,3,2,0,0,0,0
Union,Failsafe,Fire District Commissioner Santuc FD,,NON,Write-In,0,0,0,0,0,0,0
Union,Provisional,Fire District Commissioner Santuc FD,,NON,Write-In,0,0,0,0,0,0,0
Union,Failsafe Provisional,Fire District Commissioner Santuc FD,,NON,Write-In,0,0,0,0,0,0,0
Union,Adamsburg,Fire District Commissioner Monarch FD,,NON,Brad Jolly,63,31,31,1,0,0,0
Union,Excelsior,Fire District Commissioner Monarch FD,,NON,Brad Jolly,37,25,12,0,0,0,0
Union,Monarch,Fire District Commissioner Monarch FD,,NON,Brad Jolly,463,250,207,6,0,0,0
Union,Santuck,Fire District Commissioner Monarch FD,,NON,Brad Jolly,16,10,6,0,0,0,0
Union,Failsafe,Fire District Commissioner Monarch FD,,NON,Brad Jolly,0,0,0,0,0,0,0
Union,Provisional,Fire District Commissioner Monarch FD,,NON,Brad Jolly,0,0,0,0,0,0,0
Union,Failsafe Provisional,Fire District Commissioner Monarch FD,,NON,Brad Jolly,9,0,0,0,0,9,0
Union,Adamsburg,Fire District Commissioner Monarch FD,,NON,Kay D Littlejohn,33,17,15,1,0,0,0
Union,Excelsior,Fire District Commissioner Monarch FD,,NON,Kay D Littlejohn,24,19,5,0,0,0,0
Union,Monarch,Fire District Commissioner Monarch FD,,NON,Kay D Littlejohn,304,164,133,7,0,0,0
Union,Santuck,Fire District Commissioner Monarch FD,,NON,Kay D Littlejohn,10,6,4,0,0,0,0
Union,Failsafe,Fire District Commissioner Monarch FD,,NON,Kay D Littlejohn,0,0,0,0,0,0,0
Union,Provisional,Fire District Commissioner Monarch FD,,NON,Kay D Littlejohn,0,0,0,0,0,0,0
Union,Failsafe Provisional,Fire District Commissioner Monarch FD,,NON,Kay D Littlejohn,3,0,0,0,0,3,0
Union,Adamsburg,Fire District Commissioner Monarch FD,,NON,Thomas Andy Littlejohn,45,27,17,1,0,0,0
Union,Excelsior,Fire District Commissioner Monarch FD,,NON,Thomas Andy Littlejohn,38,27,11,0,0,0,0
Union,Monarch,Fire District Commissioner Monarch FD,,NON,Thomas Andy Littlejohn,389,222,160,7,0,0,0
Union,Santuck,Fire District Commissioner Monarch FD,,NON,Thomas Andy Littlejohn,11,6,5,0,0,0,0
Union,Failsafe,Fire District Commissioner Monarch FD,,NON,Thomas Andy Littlejohn,0,0,0,0,0,0,0
Union,Provisional,Fire District Commissioner Monarch FD,,NON,Thomas Andy Littlejohn,0,0,0,0,0,0,0
Union,Failsafe Provisional,Fire District Commissioner Monarch FD,,NON,Thomas Andy Littlejohn,2,0,0,0,0,2,0
Union,Adamsburg,Fire District Commissioner Monarch FD,,NON,Write-In,0,0,0,0,0,0,0
Union,Excelsior,Fire District Commissioner Monarch FD,,NON,Write-In,0,0,0,0,0,0,0
Union,Monarch,Fire District Commissioner Monarch FD,,NON,Write-In,9,0,9,0,0,0,0
Union,Santuck,Fire District Commissioner Monarch FD,,NON,Write-In,0,0,0,0,0,0,0
Union,Failsafe,Fire District Commissioner Monarch FD,,NON,Write-In,0,0,0,0,0,0,0
Union,Provisional,Fire District Commissioner Monarch FD,,NON,Write-In,0,0,0,0,0,0,0
Union,Failsafe Provisional,Fire District Commissioner Monarch FD,,NON,Write-In,0,0,0,0,0,0,0
Union,Bonham,Fire District Commissioner Jonesville,,NON,Johnny Vaughan,10,5,5,0,0,0,0
Union,Jonesville Box 1,Fire District Commissioner Jonesville,,NON,Johnny Vaughan,301,121,178,2,0,0,0
Union,Jonesville Box 2,Fire District Commissioner Jonesville,,NON,Johnny Vaughan,360,171,185,4,0,0,0
Union,Kelton,Fire District Commissioner Jonesville,,NON,Johnny Vaughan,8,5,3,0,0,0,0
Union,Failsafe,Fire District Commissioner Jonesville,,NON,Johnny Vaughan,0,0,0,0,0,0,0
Union,Provisional,Fire District Commissioner Jonesville,,NON,Johnny Vaughan,0,0,0,0,0,0,0
Union,Failsafe Provisional,Fire District Commissioner Jonesville,,NON,Johnny Vaughan,4,0,0,0,0,4,0
Union,Bonham,Fire District Commissioner Jonesville,,NON,James E Jimmy Wilkins,6,4,2,0,0,0,0
Union,Jonesville Box 1,Fire District Commissioner Jonesville,,NON,James E Jimmy Wilkins,279,122,154,3,0,0,0
Union,Jonesville Box 2,Fire District Commissioner Jonesville,,NON,James E Jimmy Wilkins,285,153,130,2,0,0,0
Union,Kelton,Fire District Commissioner Jonesville,,NON,James E Jimmy Wilkins,5,5,0,0,0,0,0
Union,Failsafe,Fire District Commissioner Jonesville,,NON,James E Jimmy Wilkins,0,0,0,0,0,0,0
Union,Provisional,Fire District Commissioner Jonesville,,NON,James E Jimmy Wilkins,0,0,0,0,0,0,0
Union,Failsafe Provisional,Fire District Commissioner Jonesville,,NON,James E Jimmy Wilkins,4,0,0,0,0,4,0
Union,Bonham,Fire District Commissioner Jonesville,,NON,Write-In,0,0,0,0,0,0,0
Union,Jonesville Box 1,Fire District Commissioner Jonesville,,NON,Write-In,5,3,2,0,0,0,0
Union,Jonesville Box 2,Fire District Commissioner Jonesville,,NON,Write-In,4,1,3,0,0,0,0
Union,Kelton,Fire District Commissioner Jonesville,,NON,Write-In,0,0,0,0,0,0,0
Union,Failsafe,Fire District Commissioner Jonesville,,NON,Write-In,0,0,0,0,0,0,0
Union,Provisional,Fire District Commissioner Jonesville,,NON,Write-In,0,0,0,0,0,0,0
Union,Failsafe Provisional,Fire District Commissioner Jonesville,,NON,Write-In,0,0,0,0,0,0,0
Union,Buffalo Box 1,Fire District Commissioner Southside FD,,NON,Write-In,0,0,0,0,0,0,0
Union,Excelsior,Fire District Commissioner Southside FD,,NON,Write-In,77,50,23,4,0,0,0
Union,Failsafe,Fire District Commissioner Southside FD,,NON,Write-In,0,0,0,0,0,0,0
Union,Provisional,Fire District Commissioner Southside FD,,NON,Write-In,0,0,0,0,0,0,0
Union,Failsafe Provisional,Fire District Commissioner Southside FD,,NON,Write-In,0,0,0,0,0,0,0
Union,Bonham,Fire District Commissioner Jonesville (Unexpired Term),,NON,Danny Gregory,11,6,5,0,0,0,0
Union,Jonesville Box 1,Fire District Commissioner Jonesville (Unexpired Term),,NON,Danny Gregory,397,179,214,4,0,0,0
Union,Jonesville Box 2,Fire District Commissioner Jonesville (Unexpired Term),,NON,Danny Gregory,448,229,213,6,0,0,0
Union,Kelton,Fire District Commissioner Jonesville (Unexpired Term),,NON,Danny Gregory,10,6,4,0,0,0,0
Union,Failsafe,Fire District Commissioner Jonesville (Unexpired Term),,NON,Danny Gregory,0,0,0,0,0,0,0
Union,Provisional,Fire District Commissioner Jonesville (Unexpired Term),,NON,Danny Gregory,0,0,0,0,0,0,0
Union,Failsafe Provisional,Fire District Commissioner Jonesville (Unexpired Term),,NON,Danny Gregory,3,0,0,0,0,3,0
Union,Bonham,Fire District Commissioner Jonesville (Unexpired Term),,NON,Daniel C Williams,1,1,0,0,0,0,0
Union,Jonesville Box 1,Fire District Commissioner Jonesville (Unexpired Term),,NON,Daniel C Williams,119,45,73,1,0,0,0
Union,Jonesville Box 2,Fire District Commissioner Jonesville (Unexpired Term),,NON,Daniel C Williams,122,53,68,1,0,0,0
Union,Kelton,Fire District Commissioner Jonesville (Unexpired Term),,NON,Daniel C Williams,1,1,0,0,0,0,0
Union,Failsafe,Fire District Commissioner Jonesville (Unexpired Term),,NON,Daniel C Williams,0,0,0,0,0,0,0
Union,Provisional,Fire District Commissioner Jonesville (Unexpired Term),,NON,Daniel C Williams,0,0,0,0,0,0,0
Union,Failsafe Provisional,Fire District Commissioner Jonesville (Unexpired Term),,NON,Daniel C Williams,1,0,0,0,0,1,0
Union,Bonham,Fire District Commissioner Jonesville (Unexpired Term),,NON,Write-In,0,0,0,0,0,0,0
Union,Jonesville Box 1,Fire District Commissioner Jonesville (Unexpired Term),,NON,Write-In,2,2,0,0,0,0,0
Union,Jonesville Box 2,Fire District Commissioner Jonesville (Unexpired Term),,NON,Write-In,1,1,0,0,0,0,0
Union,Kelton,Fire District Commissioner Jonesville (Unexpired Term),,NON,Write-In,0,0,0,0,0,0,0
Union,Failsafe,Fire District Commissioner Jonesville (Unexpired Term),,NON,Write-In,0,0,0,0,0,0,0
Union,Provisional,Fire District Commissioner Jonesville (Unexpired Term),,NON,Write-In,0,0,0,0,0,0,0
Union,Failsafe Provisional,Fire District Commissioner Jonesville (Unexpired Term),,NON,Write-In,0,0,0,0,0,0,0
Union,Adamsburg,Amendment 1,,NON,"Yes, In Favor of the Question",480,216,260,4,0,0,0
Union,Black Rock,Amendment 1,,NON,"Yes, In Favor of the Question",211,73,134,4,0,0,0
Union,Bonham,Amendment 1,,NON,"Yes, In Favor of the Question",553,289,251,13,0,0,0
Union,Buffalo Box 1,Amendment 1,,NON,"Yes, In Favor of the Question",694,297,389,8,0,0,0
Union,Carlisle,Amendment 1,,NON,"Yes, In Favor of the Question",215,73,136,6,0,0,0
Union,Cross Keys,Amendment 1,,NON,"Yes, In Favor of the Question",568,271,291,6,0,0,0
Union,Excelsior,Amendment 1,,NON,"Yes, In Favor of the Question",804,516,270,18,0,0,0
Union,Jonesville Box 1,Amendment 1,,NON,"Yes, In Favor of the Question",607,277,328,2,0,0,0
Union,Jonesville Box 2,Amendment 1,,NON,"Yes, In Favor of the Question",651,335,306,10,0,0,0
Union,Kelton,Amendment 1,,NON,"Yes, In Favor of the Question",629,250,368,11,0,0,0
Union,Lockhart,Amendment 1,,NON,"Yes, In Favor of the Question",394,137,252,5,0,0,0
Union,Monarch,Amendment 1,,NON,"Yes, In Favor of the Question",851,450,392,9,0,0,0
Union,Putnam,Amendment 1,,NON,"Yes, In Favor of the Question",511,216,294,1,0,0,0
Union,Santuck,Amendment 1,,NON,"Yes, In Favor of the Question",418,183,228,7,0,0,0
Union,Union Ward 1 Box 1,Amendment 1,,NON,"Yes, In Favor of the Question",400,240,155,5,0,0,0
Union,Union Ward 1 Box 2,Amendment 1,,NON,"Yes, In Favor of the Question",521,322,192,7,0,0,0
Union,Union Ward 2,Amendment 1,,NON,"Yes, In Favor of the Question",498,309,185,4,0,0,0
Union,Union Ward 3,Amendment 1,,NON,"Yes, In Favor of the Question",295,135,147,13,0,0,0
Union,Union Ward 4 Box 1,Amendment 1,,NON,"Yes, In Favor of the Question",553,354,182,17,0,0,0
Union,Union Ward 4 Box 2,Amendment 1,,NON,"Yes, In Favor of the Question",128,63,63,2,0,0,0
Union,West Springs,Amendment 1,,NON,"Yes, In Favor of the Question",236,58,175,3,0,0,0
Union,Failsafe,Amendment 1,,NON,"Yes, In Favor of the Question",0,0,0,0,0,0,0
Union,Provisional,Amendment 1,,NON,"Yes, In Favor of the Question",5,0,0,0,5,0,0
Union,Failsafe Provisional,Amendment 1,,NON,"Yes, In Favor of the Question",74,0,0,0,0,74,0
Union,Adamsburg,Amendment 1,,NON,"No, Opposed to the Question",25,16,8,1,0,0,0
Union,Black Rock,Amendment 1,,NON,"No, Opposed to the Question",30,10,20,0,0,0,0
Union,Bonham,Amendment 1,,NON,"No, Opposed to the Question",60,23,33,4,0,0,0
Union,Buffalo Box 1,Amendment 1,,NON,"No, Opposed to the Question",29,18,10,1,0,0,0
Union,Carlisle,Amendment 1,,NON,"No, Opposed to the Question",34,10,23,1,0,0,0
Union,Cross Keys,Amendment 1,,NON,"No, Opposed to the Question",38,19,18,1,0,0,0
Union,Excelsior,Amendment 1,,NON,"No, Opposed to the Question",78,46,27,5,0,0,0
Union,Jonesville Box 1,Amendment 1,,NON,"No, Opposed to the Question",55,19,33,3,0,0,0
Union,Jonesville Box 2,Amendment 1,,NON,"No, Opposed to the Question",61,28,29,4,0,0,0
Union,Kelton,Amendment 1,,NON,"No, Opposed to the Question",38,16,22,0,0,0,0
Union,Lockhart,Amendment 1,,NON,"No, Opposed to the Question",32,12,19,1,0,0,0
Union,Monarch,Amendment 1,,NON,"No, Opposed to the Question",58,30,27,1,0,0,0
Union,Putnam,Amendment 1,,NON,"No, Opposed to the Question",29,14,15,0,0,0,0
Union,Santuck,Amendment 1,,NON,"No, Opposed to the Question",53,26,27,0,0,0,0
Union,Union Ward 1 Box 1,Amendment 1,,NON,"No, Opposed to the Question",40,25,13,2,0,0,0
Union,Union Ward 1 Box 2,Amendment 1,,NON,"No, Opposed to the Question",77,43,34,0,0,0,0
Union,Union Ward 2,Amendment 1,,NON,"No, Opposed to the Question",58,43,15,0,0,0,0
Union,Union Ward 3,Amendment 1,,NON,"No, Opposed to the Question",31,13,18,0,0,0,0
Union,Union Ward 4 Box 1,Amendment 1,,NON,"No, Opposed to the Question",47,26,21,0,0,0,0
Union,Union Ward 4 Box 2,Amendment 1,,NON,"No, Opposed to the Question",16,11,5,0,0,0,0
Union,West Springs,Amendment 1,,NON,"No, Opposed to the Question",13,6,7,0,0,0,0
Union,Failsafe,Amendment 1,,NON,"No, Opposed to the Question",0,0,0,0,0,0,0
Union,Provisional,Amendment 1,,NON,"No, Opposed to the Question",0,0,0,0,0,0,0
Union,Failsafe Provisional,Amendment 1,,NON,"No, Opposed to the Question",5,0,0,0,0,5,0
Union,Adamsburg,Sunday Alcohol Sales Referendum,,NON,"Yes, In Favor of the Question",296,126,168,2,0,0,0
Union,Black Rock,Sunday Alcohol Sales Referendum,,NON,"Yes, In Favor of the Question",168,49,115,4,0,0,0
Union,Bonham,Sunday Alcohol Sales Referendum,,NON,"Yes, In Favor of the Question",380,164,208,8,0,0,0
Union,Buffalo Box 1,Sunday Alcohol Sales Referendum,,NON,"Yes, In Favor of the Question",497,201,291,5,0,0,0
Union,Carlisle,Sunday Alcohol Sales Referendum,,NON,"Yes, In Favor of the Question",179,54,123,2,0,0,0
Union,Cross Keys,Sunday Alcohol Sales Referendum,,NON,"Yes, In Favor of the Question",383,168,211,4,0,0,0
Union,Excelsior,Sunday Alcohol Sales Referendum,,NON,"Yes, In Favor of the Question",585,349,224,12,0,0,0
Union,Jonesville Box 1,Sunday Alcohol Sales Referendum,,NON,"Yes, In Favor of the Question",408,163,242,3,0,0,0
Union,Jonesville Box 2,Sunday Alcohol Sales Referendum,,NON,"Yes, In Favor of the Question",480,226,248,6,0,0,0
Union,Kelton,Sunday Alcohol Sales Referendum,,NON,"Yes, In Favor of the Question",431,152,274,5,0,0,0
Union,Lockhart,Sunday Alcohol Sales Referendum,,NON,"Yes, In Favor of the Question",260,93,163,4,0,0,0
Union,Monarch,Sunday Alcohol Sales Referendum,,NON,"Yes, In Favor of the Question",568,267,295,6,0,0,0
Union,Putnam,Sunday Alcohol Sales Referendum,,NON,"Yes, In Favor of the Question",307,119,187,1,0,0,0
Union,Santuck,Sunday Alcohol Sales Referendum,,NON,"Yes, In Favor of the Question",346,139,204,3,0,0,0
Union,Union Ward 1 Box 1,Sunday Alcohol Sales Referendum,,NON,"Yes, In Favor of the Question",288,167,118,3,0,0,0
Union,Union Ward 1 Box 2,Sunday Alcohol Sales Referendum,,NON,"Yes, In Favor of the Question",433,261,167,5,0,0,0
Union,Union Ward 2,Sunday Alcohol Sales Referendum,,NON,"Yes, In Favor of the Question",412,251,158,3,0,0,0
Union,Union Ward 3,Sunday Alcohol Sales Referendum,,NON,"Yes, In Favor of the Question",224,92,125,7,0,0,0
Union,Union Ward 4 Box 1,Sunday Alcohol Sales Referendum,,NON,"Yes, In Favor of the Question",411,246,158,7,0,0,0
Union,Union Ward 4 Box 2,Sunday Alcohol Sales Referendum,,NON,"Yes, In Favor of the Question",97,47,48,2,0,0,0
Union,West Springs,Sunday Alcohol Sales Referendum,,NON,"Yes, In Favor of the Question",147,41,105,1,0,0,0
Union,Failsafe,Sunday Alcohol Sales Referendum,,NON,"Yes, In Favor of the Question",0,0,0,0,0,0,0
Union,Provisional,Sunday Alcohol Sales Referendum,,NON,"Yes, In Favor of the Question",2,0,0,0,2,0,0
Union,Failsafe Provisional,Sunday Alcohol Sales Referendum,,NON,"Yes, In Favor of the Question",58,0,0,0,0,58,0
Union,Adamsburg,Sunday Alcohol Sales Referendum,,NON,"No, Opposed to the Question",224,112,109,3,0,0,0
Union,Black Rock,Sunday Alcohol Sales Referendum,,NON,"No, Opposed to the Question",80,35,45,0,0,0,0
Union,Bonham,Sunday Alcohol Sales Referendum,,NON,"No, Opposed to the Question",260,160,93,7,0,0,0
Union,Buffalo Box 1,Sunday Alcohol Sales Referendum,,NON,"No, Opposed to the Question",228,113,110,5,0,0,0
Union,Carlisle,Sunday Alcohol Sales Referendum,,NON,"No, Opposed to the Question",88,31,53,4,0,0,0
Union,Cross Keys,Sunday Alcohol Sales Referendum,,NON,"No, Opposed to the Question",215,119,93,3,0,0,0
Union,Excelsior,Sunday Alcohol Sales Referendum,,NON,"No, Opposed to the Question",295,211,75,9,0,0,0
Union,Jonesville Box 1,Sunday Alcohol Sales Referendum,,NON,"No, Opposed to the Question",253,124,126,3,0,0,0
Union,Jonesville Box 2,Sunday Alcohol Sales Referendum,,NON,"No, Opposed to the Question",267,149,109,9,0,0,0
Union,Kelton,Sunday Alcohol Sales Referendum,,NON,"No, Opposed to the Question",253,117,130,6,0,0,0
Union,Lockhart,Sunday Alcohol Sales Referendum,,NON,"No, Opposed to the Question",171,55,113,3,0,0,0
Union,Monarch,Sunday Alcohol Sales Referendum,,NON,"No, Opposed to the Question",375,236,133,6,0,0,0
Union,Putnam,Sunday Alcohol Sales Referendum,,NON,"No, Opposed to the Question",234,113,120,1,0,0,0
Union,Santuck,Sunday Alcohol Sales Referendum,,NON,"No, Opposed to the Question",164,81,80,3,0,0,0
Union,Union Ward 1 Box 1,Sunday Alcohol Sales Referendum,,NON,"No, Opposed to the Question",150,96,49,5,0,0,0
Union,Union Ward 1 Box 2,Sunday Alcohol Sales Referendum,,NON,"No, Opposed to the Question",164,103,60,1,0,0,0
Union,Union Ward 2,Sunday Alcohol Sales Referendum,,NON,"No, Opposed to the Question",138,95,43,0,0,0,0
Union,Union Ward 3,Sunday Alcohol Sales Referendum,,NON,"No, Opposed to the Question",102,56,39,7,0,0,0
Union,Union Ward 4 Box 1,Sunday Alcohol Sales Referendum,,NON,"No, Opposed to the Question",187,134,47,6,0,0,0
Union,Union Ward 4 Box 2,Sunday Alcohol Sales Referendum,,NON,"No, Opposed to the Question",52,29,23,0,0,0,0
Union,West Springs,Sunday Alcohol Sales Referendum,,NON,"No, Opposed to the Question",99,20,77,2,0,0,0
Union,Failsafe,Sunday Alcohol Sales Referendum,,NON,"No, Opposed to the Question",0,0,0,0,0,0,0
Union,Provisional,Sunday Alcohol Sales Referendum,,NON,"No, Opposed to the Question",2,0,0,0,2,0,0
Union,Failsafe Provisional,Sunday Alcohol Sales Referendum,,NON,"No, Opposed to the Question",25,0,0,0,0,25,0
Union,Black Rock,Santuc Fire District Referendum,,NON,"Yes, In Favor of the Question",80,26,52,2,0,0,0
Union,Carlisle,Santuc Fire District Referendum,,NON,"Yes, In Favor of the Question",43,14,28,1,0,0,0
Union,Excelsior,Santuc Fire District Referendum,,NON,"Yes, In Favor of the Question",25,14,10,1,0,0,0
Union,Santuck,Santuc Fire District Referendum,,NON,"Yes, In Favor of the Question",317,134,179,4,0,0,0
Union,Failsafe,Santuc Fire District Referendum,,NON,"Yes, In Favor of the Question",0,0,0,0,0,0,0
Union,Provisional,Santuc Fire District Referendum,,NON,"Yes, In Favor of the Question",0,0,0,0,0,0,0
Union,Failsafe Provisional,Santuc Fire District Referendum,,NON,"Yes, In Favor of the Question",1,0,0,0,0,1,0
Union,Black Rock,Santuc Fire District Referendum,,NON,"No, Opposed to the Question",42,10,32,0,0,0,0
Union,Carlisle,Santuc Fire District Referendum,,NON,"No, Opposed to the Question",19,9,10,0,0,0,0
Union,Excelsior,Santuc Fire District Referendum,,NON,"No, Opposed to the Question",8,6,2,0,0,0,0
Union,Santuck,Santuc Fire District Referendum,,NON,"No, Opposed to the Question",165,71,92,2,0,0,0
Union,Failsafe,Santuc Fire District Referendum,,NON,"No, Opposed to the Question",0,0,0,0,0,0,0
Union,Provisional,Santuc Fire District Referendum,,NON,"No, Opposed to the Question",0,0,0,0,0,0,0
Union,Failsafe Provisional,Santuc Fire District Referendum,,NON,"No, Opposed to the Question",1,0,0,0,0,1,0
Union,Carlisle,Mayor,,NON,Mary Ferguson-Glenn,132,40,89,3,0,0,0
Union,Failsafe,Mayor,,NON,Mary Ferguson-Glenn,0,0,0,0,0,0,0
Union,Provisional,Mayor,,NON,Mary Ferguson-Glenn,0,0,0,0,0,0,0
Union,Failsafe Provisional,Mayor,,NON,Mary Ferguson-Glenn,0,0,0,0,0,0,0
Union,Carlisle,Mayor,,NON,Write-In,13,2,11,0,0,0,0
Union,Failsafe,Mayor,,NON,Write-In,0,0,0,0,0,0,0
Union,Provisional,Mayor,,NON,Write-In,0,0,0,0,0,0,0
Union,Failsafe Provisional,Mayor,,NON,Write-In,0,0,0,0,0,0,0
Union,Carlisle,Town Council,,NON,Ronnie Motor Car Lyles,134,40,91,3,0,0,0
Union,Failsafe,Town Council,,NON,Ronnie Motor Car Lyles,0,0,0,0,0,0,0
Union,Provisional,Town Council,,NON,Ronnie Motor Car Lyles,0,0,0,0,0,0,0
Union,Failsafe Provisional,Town Council,,NON,Ronnie Motor Car Lyles,0,0,0,0,0,0,0
Union,Carlisle,Town Council,,NON,Maxine Spencer,117,37,77,3,0,0,0
Union,Failsafe,Town Council,,NON,Maxine Spencer,0,0,0,0,0,0,0
Union,Provisional,Town Council,,NON,Maxine Spencer,0,0,0,0,0,0,0
Union,Failsafe Provisional,Town Council,,NON,Maxine Spencer,0,0,0,0,0,0,0
Union,Carlisle,Town Council,,NON,Write-In,5,2,3,0,0,0,0
Union,Failsafe,Town Council,,NON,Write-In,0,0,0,0,0,0,0
Union,Provisional,Town Council,,NON,Write-In,0,0,0,0,0,0,0
Union,Failsafe Provisional,Town Council,,NON,Write-In,0,0,0,0,0,0,0
Union,Buffalo Box 1,Mayor,,NON,Harold Thompson,52,30,19,3,0,0,0
Union,Excelsior,Mayor,,NON,Harold Thompson,129,70,54,5,0,0,0
Union,Union Ward 1 Box 1,Mayor,,NON,Harold Thompson,381,226,152,3,0,0,0
Union,Union Ward 1 Box 2,Mayor,,NON,Harold Thompson,538,332,201,5,0,0,0
Union,Union Ward 2,Mayor,,NON,Harold Thompson,509,315,192,2,0,0,0
Union,Union Ward 3,Mayor,,NON,Harold Thompson,298,133,152,13,0,0,0
Union,Union Ward 4 Box 1,Mayor,,NON,Harold Thompson,495,304,177,14,0,0,0
Union,Union Ward 4 Box 2,Mayor,,NON,Harold Thompson,136,71,63,2,0,0,0
Union,Failsafe,Mayor,,NON,Harold Thompson,0,0,0,0,0,0,0
Union,Provisional,Mayor,,NON,Harold Thompson,0,0,0,0,0,0,0
Union,Failsafe Provisional,Mayor,,NON,Harold Thompson,33,0,0,0,0,33,0
Union,Buffalo Box 1,Mayor,,NON,Write-In,1,1,0,0,0,0,0
Union,Excelsior,Mayor,,NON,Write-In,6,3,3,0,0,0,0
Union,Union Ward 1 Box 1,Mayor,,NON,Write-In,13,8,4,1,0,0,0
Union,Union Ward 1 Box 2,Mayor,,NON,Write-In,18,12,6,0,0,0,0
Union,Union Ward 2,Mayor,,NON,Write-In,26,18,8,0,0,0,0
Union,Union Ward 3,Mayor,,NON,Write-In,8,4,4,0,0,0,0
Union,Union Ward 4 Box 1,Mayor,,NON,Write-In,22,16,5,1,0,0,0
Union,Union Ward 4 Box 2,Mayor,,NON,Write-In,3,3,0,0,0,0,0
Union,Buffalo Box 1,City Council District 3,,NON,Gloria J Rogers,37,19,18,0,0,0,0
Union,Excelsior,City Council District 3,,NON,Gloria J Rogers,85,43,37,5,0,0,0
Union,Union Ward 3,City Council District 3,,NON,Gloria J Rogers,169,84,79,6,0,0,0
Union,Union Ward 4 Box 1,City Council District 3,,NON,Gloria J Rogers,45,39,5,1,0,0,0
Union,Union Ward 4 Box 2,City Council District 3,,NON,Gloria J Rogers,29,16,13,0,0,0,0
Union,Failsafe,City Council District 3,,NON,Gloria J Rogers,0,0,0,0,0,0,0
Union,Provisional,City Council District 3,,NON,Gloria J Rogers,0,0,0,0,0,0,0
Union,Failsafe Provisional,City Council District 3,,NON,Gloria J Rogers,3,0,0,0,0,3,0
Union,Buffalo Box 1,City Council District 3,,NON,Write-In,0,0,0,0,0,0,0
Union,Excelsior,City Council District 3,,NON,Write-In,1,0,1,0,0,0,0
Union,Union Ward 3,City Council District 3,,NON,Write-In,4,3,1,0,0,0,0
Union,Union Ward 4 Box 1,City Council District 3,,NON,Write-In,1,1,0,0,0,0,0
Union,Union Ward 4 Box 2,City Council District 3,,NON,Write-In,2,0,2,0,0,0,0
Union,Failsafe,City Council District 3,,NON,Write-In,0,0,0,0,0,0,0
Union,Provisional,City Council District 3,,NON,Write-In,0,0,0,0,0,0,0
Union,Failsafe Provisional,City Council District 3,,NON,Write-In,0,0,0,0,0,0,0
Union,Buffalo Box 1,City Council District 4,,NON,Ricky Todd Harris,6,3,2,1,0,0,0
Union,Union Ward 1 Box 2,City Council District 4,,NON,Ricky Todd Harris,3,3,0,0,0,0,0
Union,Union Ward 4 Box 1,City Council District 4,,NON,Ricky Todd Harris,285,164,114,7,0,0,0
Union,Union Ward 4 Box 2,City Council District 4,,NON,Ricky Todd Harris,2,0,2,0,0,0,0
Union,Failsafe,City Council District 4,,NON,Ricky Todd Harris,0,0,0,0,0,0,0
Union,Provisional,City Council District 4,,NON,Ricky Todd Harris,0,0,0,0,0,0,0
Union,Failsafe Provisional,City Council District 4,,NON,Ricky Todd Harris,1,0,0,0,0,1,0
Union,Buffalo Box 1,City Council District 4,,NON,Vicki C Morgan,13,10,2,1,0,0,0
Union,Union Ward 1 Box 2,City Council District 4,,NON,Vicki C Morgan,10,9,1,0,0,0,0
Union,Union Ward 4 Box 1,City Council District 4,,NON,Vicki C Morgan,230,146,77,7,0,0,0
Union,Union Ward 4 Box 2,City Council District 4,,NON,Vicki C Morgan,0,0,0,0,0,0,0
Union,Failsafe,City Council District 4,,NON,Vicki C Morgan,0,0,0,0,0,0,0
Union,Provisional,City Council District 4,,NON,Vicki C Morgan,0,0,0,0,0,0,0
Union,Failsafe Provisional,City Council District 4,,NON,Vicki C Morgan,4,0,0,0,0,4,0
Union,Buffalo Box 1,City Council District 4,,NON,Write-In,0,0,0,0,0,0,0
Union,Union Ward 1 Box 2,City Council District 4,,NON,Write-In,1,1,0,0,0,0,0
Union,Union Ward 4 Box 1,City Council District 4,,NON,Write-In,8,8,0,0,0,0,0
Union,Union Ward 4 Box 2,City Council District 4,,NON,Write-In,0,0,0,0,0,0,0
Union,Failsafe,City Council District 4,,NON,Write-In,0,0,0,0,0,0,0
Union,Provisional,City Council District 4,,NON,Write-In,0,0,0,0,0,0,0
Union,Failsafe Provisional,City Council District 4,,NON,Write-In,0,0,0,0,0,0,0
Union,Union Ward 1 Box 1,City Council District 6,,NON,Monty Cooke,232,140,90,2,0,0,0
Union,Union Ward 1 Box 2,City Council District 6,,NON,Monty Cooke,77,44,32,1,0,0,0
Union,Union Ward 2,City Council District 6,,NON,Monty Cooke,15,11,4,0,0,0,0
Union,Failsafe,City Council District 6,,NON,Monty Cooke,0,0,0,0,0,0,0
Union,Provisional,City Council District 6,,NON,Monty Cooke,0,0,0,0,0,0,0
Union,Failsafe Provisional,City Council District 6,,NON,Monty Cooke,2,0,0,0,0,2,0
Union,Union Ward 1 Box 1,City Council District 6,,NON,Sonja Craig,122,71,49,2,0,0,0
Union,Union Ward 1 Box 2,City Council District 6,,NON,Sonja Craig,70,30,40,0,0,0,0
Union,Union Ward 2,City Council District 6,,NON,Sonja Craig,6,6,0,0,0,0,0
Union,Failsafe,City Council District 6,,NON,Sonja Craig,0,0,0,0,0,0,0
Union,Provisional,City Council District 6,,NON,Sonja Craig,0,0,0,0,0,0,0
Union,Failsafe Provisional,City Council District 6,,NON,Sonja Craig,2,0,0,0,0,2,0
Union,Union Ward 1 Box 1,City Council District 6,,NON,Write-In,1,1,0,0,0,0,0
Union,Union Ward 1 Box 2,City Council District 6,,NON,Write-In,2,1,1,0,0,0,0
Union,Union Ward 2,City Council District 6,,NON,Write-In,0,0,0,0,0,0,0
Union,Failsafe,City Council District 6,,NON,Write-In,0,0,0,0,0,0,0
Union,Provisional,City Council District 6,,NON,Write-In,0,0,0,0,0,0,0
Union,Failsafe Provisional,City Council District 6,,NON,Write-In,0,0,0,0,0,0,0
