county,precinct,office,district,party,candidate,votes,in-person_absentee,election_day,provisional,absentee_by_mail,failsafe,failsafe_provisional
Dorchester,Rosinville,President,,DEM,Michael Bennet - WITHDREW,1,0,1,0,0,0,0
Dorchester,St. George No. 2,President,,DEM,Michael Bennet - WITHDREW,0,0,0,0,0,0,0
Dorchester,St. George No. 1,President,,DEM,Michael Bennet - WITHDREW,0,0,0,0,0,0,0
Dorchester,Grover,President,,DEM,Michael Bennet - WITHDREW,0,0,0,0,0,0,0
Dorchester,Reevesville,President,,DEM,Michael Bennet - WITHDREW,1,0,1,0,0,0,0
Dorchester,Harleyville,President,,DEM,Michael Bennet - WITHDREW,0,0,0,0,0,0,0
Dorchester,Four Hole,President,,DEM,Michael Bennet - WITHDREW,1,0,1,0,0,0,0
Dorchester,Rosses,President,,DEM,Michael Bennet - WITHDREW,0,0,0,0,0,0,0
Dorchester,Ridgeville,President,,DEM,Michael Bennet - WITHDREW,0,0,0,0,0,0,0
Dorchester,Givhans,President,,DEM,Michael Bennet - WITHDREW,0,0,0,0,0,0,0
Dorchester,Delemars,President,,DEM,Michael Bennet - WITHDREW,0,0,0,0,0,0,0
Dorchester,Saul Dam,President,,DEM,Michael Bennet - WITHDREW,0,0,0,0,0,0,0
Dorchester,Coastal,President,,DEM,Michael Bennet - WITHDREW,0,0,0,0,0,0,0
Dorchester,Trolley,President,,DEM,Michael Bennet - WITHDREW,0,0,0,0,0,0,0
Dorchester,Tranquil,President,,DEM,Michael Bennet - WITHDREW,0,0,0,0,0,0,0
Dorchester,Beech Hill,President,,DEM,Michael Bennet - WITHDREW,0,0,0,0,0,0,0
Dorchester,Flowertown,President,,DEM,Michael Bennet - WITHDREW,1,0,1,0,0,0,0
Dorchester,Knightsville,President,,DEM,Michael Bennet - WITHDREW,0,0,0,0,0,0,0
Dorchester,Clemson,President,,DEM,Michael Bennet - WITHDREW,1,0,1,0,0,0,0
Dorchester,Germantown,President,,DEM,Michael Bennet - WITHDREW,0,0,0,0,0,0,0
Dorchester,Greenwave,President,,DEM,Michael Bennet - WITHDREW,1,0,1,0,0,0,0
Dorchester,Newington,President,,DEM,Michael Bennet - WITHDREW,1,0,1,0,0,0,0
Dorchester,Carolina,President,,DEM,Michael Bennet - WITHDREW,0,0,0,0,0,0,0
Dorchester,Dorchester,President,,DEM,Michael Bennet - WITHDREW,0,0,0,0,0,0,0
Dorchester,Archdale,President,,DEM,Michael Bennet - WITHDREW,0,0,0,0,0,0,0
Dorchester,Stallsville,President,,DEM,Michael Bennet - WITHDREW,0,0,0,0,0,0,0
Dorchester,Indian Field,President,,DEM,Michael Bennet - WITHDREW,0,0,0,0,0,0,0
Dorchester,Spann,President,,DEM,Michael Bennet - WITHDREW,0,0,0,0,0,0,0
Dorchester,North Summerville,President,,DEM,Michael Bennet - WITHDREW,0,0,0,0,0,0,0
Dorchester,Tupperway,President,,DEM,Michael Bennet - WITHDREW,0,0,0,0,0,0,0
Dorchester,Irongate,President,,DEM,Michael Bennet - WITHDREW,0,0,0,0,0,0,0
Dorchester,Greenhurst,President,,DEM,Michael Bennet - WITHDREW,0,0,0,0,0,0,0
Dorchester,Ashborough East,President,,DEM,Michael Bennet - WITHDREW,0,0,0,0,0,0,0
Dorchester,Ashborough West,President,,DEM,Michael Bennet - WITHDREW,0,0,0,0,0,0,0
Dorchester,Ashley River,President,,DEM,Michael Bennet - WITHDREW,0,0,0,0,0,0,0
Dorchester,Windsor,President,,DEM,Michael Bennet - WITHDREW,0,0,0,0,0,0,0
Dorchester,Bacons Bridge,President,,DEM,Michael Bennet - WITHDREW,0,0,0,0,0,0,0
Dorchester,Brandymill,President,,DEM,Michael Bennet - WITHDREW,0,0,0,0,0,0,0
Dorchester,Briarwood,President,,DEM,Michael Bennet - WITHDREW,1,0,1,0,0,0,0
Dorchester,Butternut,President,,DEM,Michael Bennet - WITHDREW,1,0,1,0,0,0,0
Dorchester,Central,President,,DEM,Michael Bennet - WITHDREW,0,0,0,0,0,0,0
Dorchester,Coosaw,President,,DEM,Michael Bennet - WITHDREW,1,0,1,0,0,0,0
Dorchester,Cypress,President,,DEM,Michael Bennet - WITHDREW,0,0,0,0,0,0,0
Dorchester,King's Grant,President,,DEM,Michael Bennet - WITHDREW,0,0,0,0,0,0,0
Dorchester,Lincoln,President,,DEM,Michael Bennet - WITHDREW,1,0,1,0,0,0,0
Dorchester,Miles/Jamison,President,,DEM,Michael Bennet - WITHDREW,1,0,1,0,0,0,0
Dorchester,Oakbrook,President,,DEM,Michael Bennet - WITHDREW,0,0,0,0,0,0,0
Dorchester,Patriot,President,,DEM,Michael Bennet - WITHDREW,0,0,0,0,0,0,0
Dorchester,Sawmill Branch,President,,DEM,Michael Bennet - WITHDREW,0,0,0,0,0,0,0
Dorchester,Coastal 2,President,,DEM,Michael Bennet - WITHDREW,1,0,1,0,0,0,0
Dorchester,Coastal 3,President,,DEM,Michael Bennet - WITHDREW,0,0,0,0,0,0,0
Dorchester,Archdale 2,President,,DEM,Michael Bennet - WITHDREW,0,0,0,0,0,0,0
Dorchester,Ashborough East 2,President,,DEM,Michael Bennet - WITHDREW,0,0,0,0,0,0,0
Dorchester,Ashborough West 2,President,,DEM,Michael Bennet - WITHDREW,0,0,0,0,0,0,0
Dorchester,Beech Hill 2,President,,DEM,Michael Bennet - WITHDREW,0,0,0,0,0,0,0
Dorchester,Brandymill 2,President,,DEM,Michael Bennet - WITHDREW,0,0,0,0,0,0,0
Dorchester,Briarwood 2,President,,DEM,Michael Bennet - WITHDREW,1,0,1,0,0,0,0
Dorchester,Briarwood 3,President,,DEM,Michael Bennet - WITHDREW,0,0,0,0,0,0,0
Dorchester,Central 2,President,,DEM,Michael Bennet - WITHDREW,1,0,1,0,0,0,0
Dorchester,Clemson 2,President,,DEM,Michael Bennet - WITHDREW,0,0,0,0,0,0,0
Dorchester,Clemson 3,President,,DEM,Michael Bennet - WITHDREW,0,0,0,0,0,0,0
Dorchester,Coosaw 2,President,,DEM,Michael Bennet - WITHDREW,0,0,0,0,0,0,0
Dorchester,Dorchester 2,President,,DEM,Michael Bennet - WITHDREW,0,0,0,0,0,0,0
Dorchester,Flowertown 2,President,,DEM,Michael Bennet - WITHDREW,0,0,0,0,0,0,0
Dorchester,Givhans 2,President,,DEM,Michael Bennet - WITHDREW,2,0,2,0,0,0,0
Dorchester,Indian Field 2,President,,DEM,Michael Bennet - WITHDREW,1,0,1,0,0,0,0
Dorchester,Irongate 2,President,,DEM,Michael Bennet - WITHDREW,0,0,0,0,0,0,0
Dorchester,Irongate 3,President,,DEM,Michael Bennet - WITHDREW,0,0,0,0,0,0,0
Dorchester,King's Grant 2,President,,DEM,Michael Bennet - WITHDREW,0,0,0,0,0,0,0
Dorchester,Newington 2,President,,DEM,Michael Bennet - WITHDREW,1,0,0,0,1,0,0
Dorchester,North Summerville 2,President,,DEM,Michael Bennet - WITHDREW,1,0,1,0,0,0,0
Dorchester,Ridgeville 2,President,,DEM,Michael Bennet - WITHDREW,0,0,0,0,0,0,0
Dorchester,Tranquil 2,President,,DEM,Michael Bennet - WITHDREW,0,0,0,0,0,0,0
Dorchester,Tupperway 2,President,,DEM,Michael Bennet - WITHDREW,0,0,0,0,0,0,0
Dorchester,Tranquil 3,President,,DEM,Michael Bennet - WITHDREW,0,0,0,0,0,0,0
Dorchester,Bacons Bridge 2,President,,DEM,Michael Bennet - WITHDREW,0,0,0,0,0,0,0
Dorchester,Coosaw 3,President,,DEM,Michael Bennet - WITHDREW,0,0,0,0,0,0,0
Dorchester,Cypress 2,President,,DEM,Michael Bennet - WITHDREW,0,0,0,0,0,0,0
Dorchester,Flowertown 3,President,,DEM,Michael Bennet - WITHDREW,0,0,0,0,0,0,0
Dorchester,Oakbrook 2,President,,DEM,Michael Bennet - WITHDREW,0,0,0,0,0,0,0
Dorchester,Windsor 2,President,,DEM,Michael Bennet - WITHDREW,0,0,0,0,0,0,0
Dorchester,Failsafe,President,,DEM,Michael Bennet - WITHDREW,0,0,0,0,0,0,0
Dorchester,Provisional,President,,DEM,Michael Bennet - WITHDREW,0,0,0,0,0,0,0
Dorchester,Failsafe Provisional,President,,DEM,Michael Bennet - WITHDREW,0,0,0,0,0,0,0
Dorchester,Rosinville,President,,DEM,Joseph R Biden,162,23,134,0,5,0,0
Dorchester,St. George No. 2,President,,DEM,Joseph R Biden,45,20,25,0,0,0,0
Dorchester,St. George No. 1,President,,DEM,Joseph R Biden,154,51,91,0,12,0,0
Dorchester,Grover,President,,DEM,Joseph R Biden,104,16,88,0,0,0,0
Dorchester,Reevesville,President,,DEM,Joseph R Biden,103,8,93,0,2,0,0
Dorchester,Harleyville,President,,DEM,Joseph R Biden,43,8,34,0,1,0,0
Dorchester,Four Hole,President,,DEM,Joseph R Biden,73,3,69,0,1,0,0
Dorchester,Rosses,President,,DEM,Joseph R Biden,84,7,75,0,2,0,0
Dorchester,Ridgeville,President,,DEM,Joseph R Biden,80,6,74,0,0,0,0
Dorchester,Givhans,President,,DEM,Joseph R Biden,80,3,72,0,5,0,0
Dorchester,Delemars,President,,DEM,Joseph R Biden,146,0,136,0,10,0,0
Dorchester,Saul Dam,President,,DEM,Joseph R Biden,15,0,14,0,1,0,0
Dorchester,Coastal,President,,DEM,Joseph R Biden,86,6,80,0,0,0,0
Dorchester,Trolley,President,,DEM,Joseph R Biden,70,1,69,0,0,0,0
Dorchester,Tranquil,President,,DEM,Joseph R Biden,33,1,31,0,1,0,0
Dorchester,Beech Hill,President,,DEM,Joseph R Biden,92,4,84,0,4,0,0
Dorchester,Flowertown,President,,DEM,Joseph R Biden,154,5,144,0,5,0,0
Dorchester,Knightsville,President,,DEM,Joseph R Biden,69,8,60,0,1,0,0
Dorchester,Clemson,President,,DEM,Joseph R Biden,102,9,92,0,1,0,0
Dorchester,Germantown,President,,DEM,Joseph R Biden,100,5,90,0,5,0,0
Dorchester,Greenwave,President,,DEM,Joseph R Biden,63,4,51,0,8,0,0
Dorchester,Newington,President,,DEM,Joseph R Biden,76,2,73,0,1,0,0
Dorchester,Carolina,President,,DEM,Joseph R Biden,165,12,148,0,5,0,0
Dorchester,Dorchester,President,,DEM,Joseph R Biden,82,3,72,0,7,0,0
Dorchester,Archdale,President,,DEM,Joseph R Biden,112,1,108,0,3,0,0
Dorchester,Stallsville,President,,DEM,Joseph R Biden,59,4,55,0,0,0,0
Dorchester,Indian Field,President,,DEM,Joseph R Biden,93,25,67,0,1,0,0
Dorchester,Spann,President,,DEM,Joseph R Biden,73,4,65,0,4,0,0
Dorchester,North Summerville,President,,DEM,Joseph R Biden,22,0,22,0,0,0,0
Dorchester,Tupperway,President,,DEM,Joseph R Biden,37,3,33,0,1,0,0
Dorchester,Irongate,President,,DEM,Joseph R Biden,30,1,28,0,1,0,0
Dorchester,Greenhurst,President,,DEM,Joseph R Biden,85,2,82,0,1,0,0
Dorchester,Ashborough East,President,,DEM,Joseph R Biden,68,2,66,0,0,0,0
Dorchester,Ashborough West,President,,DEM,Joseph R Biden,24,0,20,0,4,0,0
Dorchester,Ashley River,President,,DEM,Joseph R Biden,215,8,203,0,4,0,0
Dorchester,Windsor,President,,DEM,Joseph R Biden,114,2,111,0,1,0,0
Dorchester,Bacons Bridge,President,,DEM,Joseph R Biden,168,12,148,0,8,0,0
Dorchester,Brandymill,President,,DEM,Joseph R Biden,48,2,46,0,0,0,0
Dorchester,Briarwood,President,,DEM,Joseph R Biden,78,2,75,0,1,0,0
Dorchester,Butternut,President,,DEM,Joseph R Biden,167,11,153,0,3,0,0
Dorchester,Central,President,,DEM,Joseph R Biden,75,3,70,0,2,0,0
Dorchester,Coosaw,President,,DEM,Joseph R Biden,206,6,196,0,4,0,0
Dorchester,Cypress,President,,DEM,Joseph R Biden,145,10,135,0,0,0,0
Dorchester,King's Grant,President,,DEM,Joseph R Biden,171,4,164,0,3,0,0
Dorchester,Lincoln,President,,DEM,Joseph R Biden,136,2,131,0,3,0,0
Dorchester,Miles/Jamison,President,,DEM,Joseph R Biden,129,3,125,0,1,0,0
Dorchester,Oakbrook,President,,DEM,Joseph R Biden,230,10,216,0,4,0,0
Dorchester,Patriot,President,,DEM,Joseph R Biden,175,6,165,0,4,0,0
Dorchester,Sawmill Branch,President,,DEM,Joseph R Biden,80,1,78,0,1,0,0
Dorchester,Coastal 2,President,,DEM,Joseph R Biden,103,1,101,0,1,0,0
Dorchester,Coastal 3,President,,DEM,Joseph R Biden,51,0,51,0,0,0,0
Dorchester,Archdale 2,President,,DEM,Joseph R Biden,133,9,119,0,5,0,0
Dorchester,Ashborough East 2,President,,DEM,Joseph R Biden,49,2,47,0,0,0,0
Dorchester,Ashborough West 2,President,,DEM,Joseph R Biden,60,6,54,0,0,0,0
Dorchester,Beech Hill 2,President,,DEM,Joseph R Biden,79,2,72,0,5,0,0
Dorchester,Brandymill 2,President,,DEM,Joseph R Biden,62,3,59,0,0,0,0
Dorchester,Briarwood 2,President,,DEM,Joseph R Biden,58,1,56,0,1,0,0
Dorchester,Briarwood 3,President,,DEM,Joseph R Biden,45,1,42,0,2,0,0
Dorchester,Central 2,President,,DEM,Joseph R Biden,64,1,62,0,1,0,0
Dorchester,Clemson 2,President,,DEM,Joseph R Biden,140,5,132,0,3,0,0
Dorchester,Clemson 3,President,,DEM,Joseph R Biden,80,8,69,0,3,0,0
Dorchester,Coosaw 2,President,,DEM,Joseph R Biden,179,13,159,0,7,0,0
Dorchester,Dorchester 2,President,,DEM,Joseph R Biden,66,1,65,0,0,0,0
Dorchester,Flowertown 2,President,,DEM,Joseph R Biden,65,0,62,0,3,0,0
Dorchester,Givhans 2,President,,DEM,Joseph R Biden,92,13,77,0,2,0,0
Dorchester,Indian Field 2,President,,DEM,Joseph R Biden,106,29,72,0,5,0,0
Dorchester,Irongate 2,President,,DEM,Joseph R Biden,9,0,9,0,0,0,0
Dorchester,Irongate 3,President,,DEM,Joseph R Biden,34,0,32,0,2,0,0
Dorchester,King's Grant 2,President,,DEM,Joseph R Biden,220,11,203,0,6,0,0
Dorchester,Newington 2,President,,DEM,Joseph R Biden,29,3,26,0,0,0,0
Dorchester,North Summerville 2,President,,DEM,Joseph R Biden,201,4,196,0,1,0,0
Dorchester,Ridgeville 2,President,,DEM,Joseph R Biden,99,5,89,0,5,0,0
Dorchester,Tranquil 2,President,,DEM,Joseph R Biden,100,4,96,0,0,0,0
Dorchester,Tupperway 2,President,,DEM,Joseph R Biden,63,5,56,0,2,0,0
Dorchester,Tranquil 3,President,,DEM,Joseph R Biden,88,3,84,0,1,0,0
Dorchester,Bacons Bridge 2,President,,DEM,Joseph R Biden,54,2,51,0,1,0,0
Dorchester,Coosaw 3,President,,DEM,Joseph R Biden,89,2,86,0,1,0,0
Dorchester,Cypress 2,President,,DEM,Joseph R Biden,33,1,31,0,1,0,0
Dorchester,Flowertown 3,President,,DEM,Joseph R Biden,84,4,80,0,0,0,0
Dorchester,Oakbrook 2,President,,DEM,Joseph R Biden,90,5,83,0,2,0,0
Dorchester,Windsor 2,President,,DEM,Joseph R Biden,111,1,109,0,1,0,0
Dorchester,Failsafe,President,,DEM,Joseph R Biden,0,0,0,0,0,0,0
Dorchester,Provisional,President,,DEM,Joseph R Biden,0,0,0,0,0,0,0
Dorchester,Failsafe Provisional,President,,DEM,Joseph R Biden,2,0,0,0,0,0,2
Dorchester,Rosinville,President,,DEM,Cory Booker - WITHDREW,0,0,0,0,0,0,0
Dorchester,St. George No. 2,President,,DEM,Cory Booker - WITHDREW,0,0,0,0,0,0,0
Dorchester,St. George No. 1,President,,DEM,Cory Booker - WITHDREW,0,0,0,0,0,0,0
Dorchester,Grover,President,,DEM,Cory Booker - WITHDREW,0,0,0,0,0,0,0
Dorchester,Reevesville,President,,DEM,Cory Booker - WITHDREW,0,0,0,0,0,0,0
Dorchester,Harleyville,President,,DEM,Cory Booker - WITHDREW,0,0,0,0,0,0,0
Dorchester,Four Hole,President,,DEM,Cory Booker - WITHDREW,0,0,0,0,0,0,0
Dorchester,Rosses,President,,DEM,Cory Booker - WITHDREW,0,0,0,0,0,0,0
Dorchester,Ridgeville,President,,DEM,Cory Booker - WITHDREW,0,0,0,0,0,0,0
Dorchester,Givhans,President,,DEM,Cory Booker - WITHDREW,0,0,0,0,0,0,0
Dorchester,Delemars,President,,DEM,Cory Booker - WITHDREW,0,0,0,0,0,0,0
Dorchester,Saul Dam,President,,DEM,Cory Booker - WITHDREW,0,0,0,0,0,0,0
Dorchester,Coastal,President,,DEM,Cory Booker - WITHDREW,0,0,0,0,0,0,0
Dorchester,Trolley,President,,DEM,Cory Booker - WITHDREW,0,0,0,0,0,0,0
Dorchester,Tranquil,President,,DEM,Cory Booker - WITHDREW,0,0,0,0,0,0,0
Dorchester,Beech Hill,President,,DEM,Cory Booker - WITHDREW,1,0,1,0,0,0,0
Dorchester,Flowertown,President,,DEM,Cory Booker - WITHDREW,1,0,1,0,0,0,0
Dorchester,Knightsville,President,,DEM,Cory Booker - WITHDREW,0,0,0,0,0,0,0
Dorchester,Clemson,President,,DEM,Cory Booker - WITHDREW,0,0,0,0,0,0,0
Dorchester,Germantown,President,,DEM,Cory Booker - WITHDREW,0,0,0,0,0,0,0
Dorchester,Greenwave,President,,DEM,Cory Booker - WITHDREW,0,0,0,0,0,0,0
Dorchester,Newington,President,,DEM,Cory Booker - WITHDREW,1,1,0,0,0,0,0
Dorchester,Carolina,President,,DEM,Cory Booker - WITHDREW,1,0,1,0,0,0,0
Dorchester,Dorchester,President,,DEM,Cory Booker - WITHDREW,0,0,0,0,0,0,0
Dorchester,Archdale,President,,DEM,Cory Booker - WITHDREW,0,0,0,0,0,0,0
Dorchester,Stallsville,President,,DEM,Cory Booker - WITHDREW,0,0,0,0,0,0,0
Dorchester,Indian Field,President,,DEM,Cory Booker - WITHDREW,0,0,0,0,0,0,0
Dorchester,Spann,President,,DEM,Cory Booker - WITHDREW,0,0,0,0,0,0,0
Dorchester,North Summerville,President,,DEM,Cory Booker - WITHDREW,0,0,0,0,0,0,0
Dorchester,Tupperway,President,,DEM,Cory Booker - WITHDREW,0,0,0,0,0,0,0
Dorchester,Irongate,President,,DEM,Cory Booker - WITHDREW,0,0,0,0,0,0,0
Dorchester,Greenhurst,President,,DEM,Cory Booker - WITHDREW,1,0,0,0,1,0,0
Dorchester,Ashborough East,President,,DEM,Cory Booker - WITHDREW,0,0,0,0,0,0,0
Dorchester,Ashborough West,President,,DEM,Cory Booker - WITHDREW,0,0,0,0,0,0,0
Dorchester,Ashley River,President,,DEM,Cory Booker - WITHDREW,1,0,1,0,0,0,0
Dorchester,Windsor,President,,DEM,Cory Booker - WITHDREW,0,0,0,0,0,0,0
Dorchester,Bacons Bridge,President,,DEM,Cory Booker - WITHDREW,0,0,0,0,0,0,0
Dorchester,Brandymill,President,,DEM,Cory Booker - WITHDREW,0,0,0,0,0,0,0
Dorchester,Briarwood,President,,DEM,Cory Booker - WITHDREW,0,0,0,0,0,0,0
Dorchester,Butternut,President,,DEM,Cory Booker - WITHDREW,2,0,2,0,0,0,0
Dorchester,Central,President,,DEM,Cory Booker - WITHDREW,0,0,0,0,0,0,0
Dorchester,Coosaw,President,,DEM,Cory Booker - WITHDREW,0,0,0,0,0,0,0
Dorchester,Cypress,President,,DEM,Cory Booker - WITHDREW,0,0,0,0,0,0,0
Dorchester,King's Grant,President,,DEM,Cory Booker - WITHDREW,0,0,0,0,0,0,0
Dorchester,Lincoln,President,,DEM,Cory Booker - WITHDREW,0,0,0,0,0,0,0
Dorchester,Miles/Jamison,President,,DEM,Cory Booker - WITHDREW,1,0,1,0,0,0,0
Dorchester,Oakbrook,President,,DEM,Cory Booker - WITHDREW,0,0,0,0,0,0,0
Dorchester,Patriot,President,,DEM,Cory Booker - WITHDREW,2,0,2,0,0,0,0
Dorchester,Sawmill Branch,President,,DEM,Cory Booker - WITHDREW,0,0,0,0,0,0,0
Dorchester,Coastal 2,President,,DEM,Cory Booker - WITHDREW,1,0,1,0,0,0,0
Dorchester,Coastal 3,President,,DEM,Cory Booker - WITHDREW,0,0,0,0,0,0,0
Dorchester,Archdale 2,President,,DEM,Cory Booker - WITHDREW,0,0,0,0,0,0,0
Dorchester,Ashborough East 2,President,,DEM,Cory Booker - WITHDREW,0,0,0,0,0,0,0
Dorchester,Ashborough West 2,President,,DEM,Cory Booker - WITHDREW,0,0,0,0,0,0,0
Dorchester,Beech Hill 2,President,,DEM,Cory Booker - WITHDREW,1,0,1,0,0,0,0
Dorchester,Brandymill 2,President,,DEM,Cory Booker - WITHDREW,0,0,0,0,0,0,0
Dorchester,Briarwood 2,President,,DEM,Cory Booker - WITHDREW,0,0,0,0,0,0,0
Dorchester,Briarwood 3,President,,DEM,Cory Booker - WITHDREW,0,0,0,0,0,0,0
Dorchester,Central 2,President,,DEM,Cory Booker - WITHDREW,0,0,0,0,0,0,0
Dorchester,Clemson 2,President,,DEM,Cory Booker - WITHDREW,1,0,1,0,0,0,0
Dorchester,Clemson 3,President,,DEM,Cory Booker - WITHDREW,0,0,0,0,0,0,0
Dorchester,Coosaw 2,President,,DEM,Cory Booker - WITHDREW,0,0,0,0,0,0,0
Dorchester,Dorchester 2,President,,DEM,Cory Booker - WITHDREW,0,0,0,0,0,0,0
Dorchester,Flowertown 2,President,,DEM,Cory Booker - WITHDREW,0,0,0,0,0,0,0
Dorchester,Givhans 2,President,,DEM,Cory Booker - WITHDREW,0,0,0,0,0,0,0
Dorchester,Indian Field 2,President,,DEM,Cory Booker - WITHDREW,0,0,0,0,0,0,0
Dorchester,Irongate 2,President,,DEM,Cory Booker - WITHDREW,0,0,0,0,0,0,0
Dorchester,Irongate 3,President,,DEM,Cory Booker - WITHDREW,0,0,0,0,0,0,0
Dorchester,King's Grant 2,President,,DEM,Cory Booker - WITHDREW,0,0,0,0,0,0,0
Dorchester,Newington 2,President,,DEM,Cory Booker - WITHDREW,0,0,0,0,0,0,0
Dorchester,North Summerville 2,President,,DEM,Cory Booker - WITHDREW,0,0,0,0,0,0,0
Dorchester,Ridgeville 2,President,,DEM,Cory Booker - WITHDREW,0,0,0,0,0,0,0
Dorchester,Tranquil 2,President,,DEM,Cory Booker - WITHDREW,0,0,0,0,0,0,0
Dorchester,Tupperway 2,President,,DEM,Cory Booker - WITHDREW,0,0,0,0,0,0,0
Dorchester,Tranquil 3,President,,DEM,Cory Booker - WITHDREW,0,0,0,0,0,0,0
Dorchester,Bacons Bridge 2,President,,DEM,Cory Booker - WITHDREW,0,0,0,0,0,0,0
Dorchester,Coosaw 3,President,,DEM,Cory Booker - WITHDREW,0,0,0,0,0,0,0
Dorchester,Cypress 2,President,,DEM,Cory Booker - WITHDREW,0,0,0,0,0,0,0
Dorchester,Flowertown 3,President,,DEM,Cory Booker - WITHDREW,0,0,0,0,0,0,0
Dorchester,Oakbrook 2,President,,DEM,Cory Booker - WITHDREW,1,0,1,0,0,0,0
Dorchester,Windsor 2,President,,DEM,Cory Booker - WITHDREW,1,0,1,0,0,0,0
Dorchester,Failsafe,President,,DEM,Cory Booker - WITHDREW,0,0,0,0,0,0,0
Dorchester,Provisional,President,,DEM,Cory Booker - WITHDREW,0,0,0,0,0,0,0
Dorchester,Failsafe Provisional,President,,DEM,Cory Booker - WITHDREW,0,0,0,0,0,0,0
Dorchester,Rosinville,President,,DEM,Pete Buttigieg,1,0,1,0,0,0,0
Dorchester,St. George No. 2,President,,DEM,Pete Buttigieg,5,1,3,0,1,0,0
Dorchester,St. George No. 1,President,,DEM,Pete Buttigieg,4,0,4,0,0,0,0
Dorchester,Grover,President,,DEM,Pete Buttigieg,3,1,2,0,0,0,0
Dorchester,Reevesville,President,,DEM,Pete Buttigieg,5,0,5,0,0,0,0
Dorchester,Harleyville,President,,DEM,Pete Buttigieg,0,0,0,0,0,0,0
Dorchester,Four Hole,President,,DEM,Pete Buttigieg,7,0,7,0,0,0,0
Dorchester,Rosses,President,,DEM,Pete Buttigieg,4,0,4,0,0,0,0
Dorchester,Ridgeville,President,,DEM,Pete Buttigieg,3,0,3,0,0,0,0
Dorchester,Givhans,President,,DEM,Pete Buttigieg,5,0,5,0,0,0,0
Dorchester,Delemars,President,,DEM,Pete Buttigieg,23,0,23,0,0,0,0
Dorchester,Saul Dam,President,,DEM,Pete Buttigieg,12,0,11,0,1,0,0
Dorchester,Coastal,President,,DEM,Pete Buttigieg,9,0,8,0,1,0,0
Dorchester,Trolley,President,,DEM,Pete Buttigieg,19,0,18,0,1,0,0
Dorchester,Tranquil,President,,DEM,Pete Buttigieg,7,0,7,0,0,0,0
Dorchester,Beech Hill,President,,DEM,Pete Buttigieg,33,0,29,0,4,0,0
Dorchester,Flowertown,President,,DEM,Pete Buttigieg,64,6,55,0,3,0,0
Dorchester,Knightsville,President,,DEM,Pete Buttigieg,12,1,11,0,0,0,0
Dorchester,Clemson,President,,DEM,Pete Buttigieg,22,3,19,0,0,0,0
Dorchester,Germantown,President,,DEM,Pete Buttigieg,31,2,24,0,5,0,0
Dorchester,Greenwave,President,,DEM,Pete Buttigieg,15,0,13,0,2,0,0
Dorchester,Newington,President,,DEM,Pete Buttigieg,21,0,21,0,0,0,0
Dorchester,Carolina,President,,DEM,Pete Buttigieg,23,0,23,0,0,0,0
Dorchester,Dorchester,President,,DEM,Pete Buttigieg,21,3,18,0,0,0,0
Dorchester,Archdale,President,,DEM,Pete Buttigieg,11,0,11,0,0,0,0
Dorchester,Stallsville,President,,DEM,Pete Buttigieg,11,0,11,0,0,0,0
Dorchester,Indian Field,President,,DEM,Pete Buttigieg,1,0,1,0,0,0,0
Dorchester,Spann,President,,DEM,Pete Buttigieg,31,0,31,0,0,0,0
Dorchester,North Summerville,President,,DEM,Pete Buttigieg,10,0,8,0,2,0,0
Dorchester,Tupperway,President,,DEM,Pete Buttigieg,9,0,9,0,0,0,0
Dorchester,Irongate,President,,DEM,Pete Buttigieg,7,0,7,0,0,0,0
Dorchester,Greenhurst,President,,DEM,Pete Buttigieg,14,1,13,0,0,0,0
Dorchester,Ashborough East,President,,DEM,Pete Buttigieg,5,0,5,0,0,0,0
Dorchester,Ashborough West,President,,DEM,Pete Buttigieg,2,0,2,0,0,0,0
Dorchester,Ashley River,President,,DEM,Pete Buttigieg,37,0,35,0,2,0,0
Dorchester,Windsor,President,,DEM,Pete Buttigieg,13,0,13,0,0,0,0
Dorchester,Bacons Bridge,President,,DEM,Pete Buttigieg,44,1,37,0,6,0,0
Dorchester,Brandymill,President,,DEM,Pete Buttigieg,19,0,19,0,0,0,0
Dorchester,Briarwood,President,,DEM,Pete Buttigieg,9,0,7,0,2,0,0
Dorchester,Butternut,President,,DEM,Pete Buttigieg,27,3,23,0,1,0,0
Dorchester,Central,President,,DEM,Pete Buttigieg,28,0,28,0,0,0,0
Dorchester,Coosaw,President,,DEM,Pete Buttigieg,61,0,61,0,0,0,0
Dorchester,Cypress,President,,DEM,Pete Buttigieg,43,1,41,0,1,0,0
Dorchester,King's Grant,President,,DEM,Pete Buttigieg,29,0,28,0,1,0,0
Dorchester,Lincoln,President,,DEM,Pete Buttigieg,22,2,20,0,0,0,0
Dorchester,Miles/Jamison,President,,DEM,Pete Buttigieg,35,2,31,0,2,0,0
Dorchester,Oakbrook,President,,DEM,Pete Buttigieg,50,1,44,0,5,0,0
Dorchester,Patriot,President,,DEM,Pete Buttigieg,12,1,10,0,1,0,0
Dorchester,Sawmill Branch,President,,DEM,Pete Buttigieg,29,3,26,0,0,0,0
Dorchester,Coastal 2,President,,DEM,Pete Buttigieg,17,0,17,0,0,0,0
Dorchester,Coastal 3,President,,DEM,Pete Buttigieg,10,0,9,0,1,0,0
Dorchester,Archdale 2,President,,DEM,Pete Buttigieg,26,0,25,0,1,0,0
Dorchester,Ashborough East 2,President,,DEM,Pete Buttigieg,19,1,18,0,0,0,0
Dorchester,Ashborough West 2,President,,DEM,Pete Buttigieg,32,0,31,0,1,0,0
Dorchester,Beech Hill 2,President,,DEM,Pete Buttigieg,37,3,31,0,3,0,0
Dorchester,Brandymill 2,President,,DEM,Pete Buttigieg,11,2,9,0,0,0,0
Dorchester,Briarwood 2,President,,DEM,Pete Buttigieg,16,0,16,0,0,0,0
Dorchester,Briarwood 3,President,,DEM,Pete Buttigieg,7,0,6,0,1,0,0
Dorchester,Central 2,President,,DEM,Pete Buttigieg,19,2,17,0,0,0,0
Dorchester,Clemson 2,President,,DEM,Pete Buttigieg,36,3,32,0,1,0,0
Dorchester,Clemson 3,President,,DEM,Pete Buttigieg,8,0,8,0,0,0,0
Dorchester,Coosaw 2,President,,DEM,Pete Buttigieg,33,0,33,0,0,0,0
Dorchester,Dorchester 2,President,,DEM,Pete Buttigieg,41,4,37,0,0,0,0
Dorchester,Flowertown 2,President,,DEM,Pete Buttigieg,5,0,5,0,0,0,0
Dorchester,Givhans 2,President,,DEM,Pete Buttigieg,8,1,7,0,0,0,0
Dorchester,Indian Field 2,President,,DEM,Pete Buttigieg,3,0,2,0,1,0,0
Dorchester,Irongate 2,President,,DEM,Pete Buttigieg,5,1,4,0,0,0,0
Dorchester,Irongate 3,President,,DEM,Pete Buttigieg,7,0,7,0,0,0,0
Dorchester,King's Grant 2,President,,DEM,Pete Buttigieg,25,1,24,0,0,0,0
Dorchester,Newington 2,President,,DEM,Pete Buttigieg,9,1,8,0,0,0,0
Dorchester,North Summerville 2,President,,DEM,Pete Buttigieg,17,0,16,0,1,0,0
Dorchester,Ridgeville 2,President,,DEM,Pete Buttigieg,5,0,5,0,0,0,0
Dorchester,Tranquil 2,President,,DEM,Pete Buttigieg,27,1,26,0,0,0,0
Dorchester,Tupperway 2,President,,DEM,Pete Buttigieg,10,1,9,0,0,0,0
Dorchester,Tranquil 3,President,,DEM,Pete Buttigieg,9,0,9,0,0,0,0
Dorchester,Bacons Bridge 2,President,,DEM,Pete Buttigieg,11,0,11,0,0,0,0
Dorchester,Coosaw 3,President,,DEM,Pete Buttigieg,35,0,35,0,0,0,0
Dorchester,Cypress 2,President,,DEM,Pete Buttigieg,9,0,8,0,1,0,0
Dorchester,Flowertown 3,President,,DEM,Pete Buttigieg,21,0,21,0,0,0,0
Dorchester,Oakbrook 2,President,,DEM,Pete Buttigieg,20,0,19,0,1,0,0
Dorchester,Windsor 2,President,,DEM,Pete Buttigieg,11,0,9,0,2,0,0
Dorchester,Failsafe,President,,DEM,Pete Buttigieg,0,0,0,0,0,0,0
Dorchester,Provisional,President,,DEM,Pete Buttigieg,0,0,0,0,0,0,0
Dorchester,Failsafe Provisional,President,,DEM,Pete Buttigieg,0,0,0,0,0,0,0
Dorchester,Rosinville,President,,DEM,John K Delaney - WITHDREW,1,1,0,0,0,0,0
Dorchester,St. George No. 2,President,,DEM,John K Delaney - WITHDREW,0,0,0,0,0,0,0
Dorchester,St. George No. 1,President,,DEM,John K Delaney - WITHDREW,0,0,0,0,0,0,0
Dorchester,Grover,President,,DEM,John K Delaney - WITHDREW,0,0,0,0,0,0,0
Dorchester,Reevesville,President,,DEM,John K Delaney - WITHDREW,0,0,0,0,0,0,0
Dorchester,Harleyville,President,,DEM,John K Delaney - WITHDREW,0,0,0,0,0,0,0
Dorchester,Four Hole,President,,DEM,John K Delaney - WITHDREW,0,0,0,0,0,0,0
Dorchester,Rosses,President,,DEM,John K Delaney - WITHDREW,0,0,0,0,0,0,0
Dorchester,Ridgeville,President,,DEM,John K Delaney - WITHDREW,0,0,0,0,0,0,0
Dorchester,Givhans,President,,DEM,John K Delaney - WITHDREW,0,0,0,0,0,0,0
Dorchester,Delemars,President,,DEM,John K Delaney - WITHDREW,0,0,0,0,0,0,0
Dorchester,Saul Dam,President,,DEM,John K Delaney - WITHDREW,0,0,0,0,0,0,0
Dorchester,Coastal,President,,DEM,John K Delaney - WITHDREW,0,0,0,0,0,0,0
Dorchester,Trolley,President,,DEM,John K Delaney - WITHDREW,0,0,0,0,0,0,0
Dorchester,Tranquil,President,,DEM,John K Delaney - WITHDREW,0,0,0,0,0,0,0
Dorchester,Beech Hill,President,,DEM,John K Delaney - WITHDREW,0,0,0,0,0,0,0
Dorchester,Flowertown,President,,DEM,John K Delaney - WITHDREW,0,0,0,0,0,0,0
Dorchester,Knightsville,President,,DEM,John K Delaney - WITHDREW,0,0,0,0,0,0,0
Dorchester,Clemson,President,,DEM,John K Delaney - WITHDREW,0,0,0,0,0,0,0
Dorchester,Germantown,President,,DEM,John K Delaney - WITHDREW,0,0,0,0,0,0,0
Dorchester,Greenwave,President,,DEM,John K Delaney - WITHDREW,0,0,0,0,0,0,0
Dorchester,Newington,President,,DEM,John K Delaney - WITHDREW,0,0,0,0,0,0,0
Dorchester,Carolina,President,,DEM,John K Delaney - WITHDREW,0,0,0,0,0,0,0
Dorchester,Dorchester,President,,DEM,John K Delaney - WITHDREW,0,0,0,0,0,0,0
Dorchester,Archdale,President,,DEM,John K Delaney - WITHDREW,0,0,0,0,0,0,0
Dorchester,Stallsville,President,,DEM,John K Delaney - WITHDREW,0,0,0,0,0,0,0
Dorchester,Indian Field,President,,DEM,John K Delaney - WITHDREW,0,0,0,0,0,0,0
Dorchester,Spann,President,,DEM,John K Delaney - WITHDREW,0,0,0,0,0,0,0
Dorchester,North Summerville,President,,DEM,John K Delaney - WITHDREW,0,0,0,0,0,0,0
Dorchester,Tupperway,President,,DEM,John K Delaney - WITHDREW,0,0,0,0,0,0,0
Dorchester,Irongate,President,,DEM,John K Delaney - WITHDREW,0,0,0,0,0,0,0
Dorchester,Greenhurst,President,,DEM,John K Delaney - WITHDREW,0,0,0,0,0,0,0
Dorchester,Ashborough East,President,,DEM,John K Delaney - WITHDREW,0,0,0,0,0,0,0
Dorchester,Ashborough West,President,,DEM,John K Delaney - WITHDREW,0,0,0,0,0,0,0
Dorchester,Ashley River,President,,DEM,John K Delaney - WITHDREW,0,0,0,0,0,0,0
Dorchester,Windsor,President,,DEM,John K Delaney - WITHDREW,0,0,0,0,0,0,0
Dorchester,Bacons Bridge,President,,DEM,John K Delaney - WITHDREW,1,0,1,0,0,0,0
Dorchester,Brandymill,President,,DEM,John K Delaney - WITHDREW,0,0,0,0,0,0,0
Dorchester,Briarwood,President,,DEM,John K Delaney - WITHDREW,0,0,0,0,0,0,0
Dorchester,Butternut,President,,DEM,John K Delaney - WITHDREW,0,0,0,0,0,0,0
Dorchester,Central,President,,DEM,John K Delaney - WITHDREW,0,0,0,0,0,0,0
Dorchester,Coosaw,President,,DEM,John K Delaney - WITHDREW,0,0,0,0,0,0,0
Dorchester,Cypress,President,,DEM,John K Delaney - WITHDREW,0,0,0,0,0,0,0
Dorchester,King's Grant,President,,DEM,John K Delaney - WITHDREW,0,0,0,0,0,0,0
Dorchester,Lincoln,President,,DEM,John K Delaney - WITHDREW,0,0,0,0,0,0,0
Dorchester,Miles/Jamison,President,,DEM,John K Delaney - WITHDREW,0,0,0,0,0,0,0
Dorchester,Oakbrook,President,,DEM,John K Delaney - WITHDREW,0,0,0,0,0,0,0
Dorchester,Patriot,President,,DEM,John K Delaney - WITHDREW,1,0,1,0,0,0,0
Dorchester,Sawmill Branch,President,,DEM,John K Delaney - WITHDREW,0,0,0,0,0,0,0
Dorchester,Coastal 2,President,,DEM,John K Delaney - WITHDREW,0,0,0,0,0,0,0
Dorchester,Coastal 3,President,,DEM,John K Delaney - WITHDREW,0,0,0,0,0,0,0
Dorchester,Archdale 2,President,,DEM,John K Delaney - WITHDREW,0,0,0,0,0,0,0
Dorchester,Ashborough East 2,President,,DEM,John K Delaney - WITHDREW,0,0,0,0,0,0,0
Dorchester,Ashborough West 2,President,,DEM,John K Delaney - WITHDREW,0,0,0,0,0,0,0
Dorchester,Beech Hill 2,President,,DEM,John K Delaney - WITHDREW,0,0,0,0,0,0,0
Dorchester,Brandymill 2,President,,DEM,John K Delaney - WITHDREW,0,0,0,0,0,0,0
Dorchester,Briarwood 2,President,,DEM,John K Delaney - WITHDREW,0,0,0,0,0,0,0
Dorchester,Briarwood 3,President,,DEM,John K Delaney - WITHDREW,0,0,0,0,0,0,0
Dorchester,Central 2,President,,DEM,John K Delaney - WITHDREW,0,0,0,0,0,0,0
Dorchester,Clemson 2,President,,DEM,John K Delaney - WITHDREW,0,0,0,0,0,0,0
Dorchester,Clemson 3,President,,DEM,John K Delaney - WITHDREW,0,0,0,0,0,0,0
Dorchester,Coosaw 2,President,,DEM,John K Delaney - WITHDREW,0,0,0,0,0,0,0
Dorchester,Dorchester 2,President,,DEM,John K Delaney - WITHDREW,0,0,0,0,0,0,0
Dorchester,Flowertown 2,President,,DEM,John K Delaney - WITHDREW,0,0,0,0,0,0,0
Dorchester,Givhans 2,President,,DEM,John K Delaney - WITHDREW,0,0,0,0,0,0,0
Dorchester,Indian Field 2,President,,DEM,John K Delaney - WITHDREW,0,0,0,0,0,0,0
Dorchester,Irongate 2,President,,DEM,John K Delaney - WITHDREW,0,0,0,0,0,0,0
Dorchester,Irongate 3,President,,DEM,John K Delaney - WITHDREW,0,0,0,0,0,0,0
Dorchester,King's Grant 2,President,,DEM,John K Delaney - WITHDREW,0,0,0,0,0,0,0
Dorchester,Newington 2,President,,DEM,John K Delaney - WITHDREW,0,0,0,0,0,0,0
Dorchester,North Summerville 2,President,,DEM,John K Delaney - WITHDREW,0,0,0,0,0,0,0
Dorchester,Ridgeville 2,President,,DEM,John K Delaney - WITHDREW,0,0,0,0,0,0,0
Dorchester,Tranquil 2,President,,DEM,John K Delaney - WITHDREW,0,0,0,0,0,0,0
Dorchester,Tupperway 2,President,,DEM,John K Delaney - WITHDREW,0,0,0,0,0,0,0
Dorchester,Tranquil 3,President,,DEM,John K Delaney - WITHDREW,0,0,0,0,0,0,0
Dorchester,Bacons Bridge 2,President,,DEM,John K Delaney - WITHDREW,0,0,0,0,0,0,0
Dorchester,Coosaw 3,President,,DEM,John K Delaney - WITHDREW,0,0,0,0,0,0,0
Dorchester,Cypress 2,President,,DEM,John K Delaney - WITHDREW,0,0,0,0,0,0,0
Dorchester,Flowertown 3,President,,DEM,John K Delaney - WITHDREW,1,0,1,0,0,0,0
Dorchester,Oakbrook 2,President,,DEM,John K Delaney - WITHDREW,1,0,1,0,0,0,0
Dorchester,Windsor 2,President,,DEM,John K Delaney - WITHDREW,1,0,1,0,0,0,0
Dorchester,Failsafe,President,,DEM,John K Delaney - WITHDREW,0,0,0,0,0,0,0
Dorchester,Provisional,President,,DEM,John K Delaney - WITHDREW,0,0,0,0,0,0,0
Dorchester,Failsafe Provisional,President,,DEM,John K Delaney - WITHDREW,0,0,0,0,0,0,0
Dorchester,Rosinville,President,,DEM,Tulsi Gabbard,2,0,2,0,0,0,0
Dorchester,St. George No. 2,President,,DEM,Tulsi Gabbard,0,0,0,0,0,0,0
Dorchester,St. George No. 1,President,,DEM,Tulsi Gabbard,2,1,1,0,0,0,0
Dorchester,Grover,President,,DEM,Tulsi Gabbard,2,0,2,0,0,0,0
Dorchester,Reevesville,President,,DEM,Tulsi Gabbard,2,0,2,0,0,0,0
Dorchester,Harleyville,President,,DEM,Tulsi Gabbard,1,0,1,0,0,0,0
Dorchester,Four Hole,President,,DEM,Tulsi Gabbard,2,0,2,0,0,0,0
Dorchester,Rosses,President,,DEM,Tulsi Gabbard,2,0,2,0,0,0,0
Dorchester,Ridgeville,President,,DEM,Tulsi Gabbard,0,0,0,0,0,0,0
Dorchester,Givhans,President,,DEM,Tulsi Gabbard,2,0,2,0,0,0,0
Dorchester,Delemars,President,,DEM,Tulsi Gabbard,2,0,2,0,0,0,0
Dorchester,Saul Dam,President,,DEM,Tulsi Gabbard,0,0,0,0,0,0,0
Dorchester,Coastal,President,,DEM,Tulsi Gabbard,1,0,1,0,0,0,0
Dorchester,Trolley,President,,DEM,Tulsi Gabbard,1,0,1,0,0,0,0
Dorchester,Tranquil,President,,DEM,Tulsi Gabbard,1,0,1,0,0,0,0
Dorchester,Beech Hill,President,,DEM,Tulsi Gabbard,5,0,5,0,0,0,0
Dorchester,Flowertown,President,,DEM,Tulsi Gabbard,9,0,9,0,0,0,0
Dorchester,Knightsville,President,,DEM,Tulsi Gabbard,8,0,8,0,0,0,0
Dorchester,Clemson,President,,DEM,Tulsi Gabbard,2,0,2,0,0,0,0
Dorchester,Germantown,President,,DEM,Tulsi Gabbard,5,0,5,0,0,0,0
Dorchester,Greenwave,President,,DEM,Tulsi Gabbard,4,0,2,0,2,0,0
Dorchester,Newington,President,,DEM,Tulsi Gabbard,7,0,7,0,0,0,0
Dorchester,Carolina,President,,DEM,Tulsi Gabbard,7,0,7,0,0,0,0
Dorchester,Dorchester,President,,DEM,Tulsi Gabbard,6,0,6,0,0,0,0
Dorchester,Archdale,President,,DEM,Tulsi Gabbard,5,0,5,0,0,0,0
Dorchester,Stallsville,President,,DEM,Tulsi Gabbard,6,0,6,0,0,0,0
Dorchester,Indian Field,President,,DEM,Tulsi Gabbard,0,0,0,0,0,0,0
Dorchester,Spann,President,,DEM,Tulsi Gabbard,6,0,6,0,0,0,0
Dorchester,North Summerville,President,,DEM,Tulsi Gabbard,3,0,3,0,0,0,0
Dorchester,Tupperway,President,,DEM,Tulsi Gabbard,5,0,5,0,0,0,0
Dorchester,Irongate,President,,DEM,Tulsi Gabbard,1,0,1,0,0,0,0
Dorchester,Greenhurst,President,,DEM,Tulsi Gabbard,7,0,7,0,0,0,0
Dorchester,Ashborough East,President,,DEM,Tulsi Gabbard,10,1,9,0,0,0,0
Dorchester,Ashborough West,President,,DEM,Tulsi Gabbard,3,0,3,0,0,0,0
Dorchester,Ashley River,President,,DEM,Tulsi Gabbard,7,0,7,0,0,0,0
Dorchester,Windsor,President,,DEM,Tulsi Gabbard,6,0,6,0,0,0,0
Dorchester,Bacons Bridge,President,,DEM,Tulsi Gabbard,11,0,11,0,0,0,0
Dorchester,Brandymill,President,,DEM,Tulsi Gabbard,3,0,3,0,0,0,0
Dorchester,Briarwood,President,,DEM,Tulsi Gabbard,3,0,3,0,0,0,0
Dorchester,Butternut,President,,DEM,Tulsi Gabbard,5,0,5,0,0,0,0
Dorchester,Central,President,,DEM,Tulsi Gabbard,8,0,8,0,0,0,0
Dorchester,Coosaw,President,,DEM,Tulsi Gabbard,12,0,12,0,0,0,0
Dorchester,Cypress,President,,DEM,Tulsi Gabbard,7,0,7,0,0,0,0
Dorchester,King's Grant,President,,DEM,Tulsi Gabbard,6,0,6,0,0,0,0
Dorchester,Lincoln,President,,DEM,Tulsi Gabbard,1,0,1,0,0,0,0
Dorchester,Miles/Jamison,President,,DEM,Tulsi Gabbard,11,0,11,0,0,0,0
Dorchester,Oakbrook,President,,DEM,Tulsi Gabbard,3,0,3,0,0,0,0
Dorchester,Patriot,President,,DEM,Tulsi Gabbard,4,0,4,0,0,0,0
Dorchester,Sawmill Branch,President,,DEM,Tulsi Gabbard,6,0,6,0,0,0,0
Dorchester,Coastal 2,President,,DEM,Tulsi Gabbard,3,0,3,0,0,0,0
Dorchester,Coastal 3,President,,DEM,Tulsi Gabbard,3,0,3,0,0,0,0
Dorchester,Archdale 2,President,,DEM,Tulsi Gabbard,4,0,4,0,0,0,0
Dorchester,Ashborough East 2,President,,DEM,Tulsi Gabbard,4,0,4,0,0,0,0
Dorchester,Ashborough West 2,President,,DEM,Tulsi Gabbard,8,0,8,0,0,0,0
Dorchester,Beech Hill 2,President,,DEM,Tulsi Gabbard,3,0,3,0,0,0,0
Dorchester,Brandymill 2,President,,DEM,Tulsi Gabbard,7,0,7,0,0,0,0
Dorchester,Briarwood 2,President,,DEM,Tulsi Gabbard,4,0,4,0,0,0,0
Dorchester,Briarwood 3,President,,DEM,Tulsi Gabbard,0,0,0,0,0,0,0
Dorchester,Central 2,President,,DEM,Tulsi Gabbard,6,0,6,0,0,0,0
Dorchester,Clemson 2,President,,DEM,Tulsi Gabbard,3,0,3,0,0,0,0
Dorchester,Clemson 3,President,,DEM,Tulsi Gabbard,0,0,0,0,0,0,0
Dorchester,Coosaw 2,President,,DEM,Tulsi Gabbard,2,0,2,0,0,0,0
Dorchester,Dorchester 2,President,,DEM,Tulsi Gabbard,6,0,6,0,0,0,0
Dorchester,Flowertown 2,President,,DEM,Tulsi Gabbard,2,0,2,0,0,0,0
Dorchester,Givhans 2,President,,DEM,Tulsi Gabbard,3,1,1,0,1,0,0
Dorchester,Indian Field 2,President,,DEM,Tulsi Gabbard,0,0,0,0,0,0,0
Dorchester,Irongate 2,President,,DEM,Tulsi Gabbard,1,0,1,0,0,0,0
Dorchester,Irongate 3,President,,DEM,Tulsi Gabbard,6,0,6,0,0,0,0
Dorchester,King's Grant 2,President,,DEM,Tulsi Gabbard,8,0,8,0,0,0,0
Dorchester,Newington 2,President,,DEM,Tulsi Gabbard,4,0,4,0,0,0,0
Dorchester,North Summerville 2,President,,DEM,Tulsi Gabbard,2,0,2,0,0,0,0
Dorchester,Ridgeville 2,President,,DEM,Tulsi Gabbard,1,0,1,0,0,0,0
Dorchester,Tranquil 2,President,,DEM,Tulsi Gabbard,1,0,1,0,0,0,0
Dorchester,Tupperway 2,President,,DEM,Tulsi Gabbard,1,0,1,0,0,0,0
Dorchester,Tranquil 3,President,,DEM,Tulsi Gabbard,3,0,3,0,0,0,0
Dorchester,Bacons Bridge 2,President,,DEM,Tulsi Gabbard,5,0,5,0,0,0,0
Dorchester,Coosaw 3,President,,DEM,Tulsi Gabbard,3,0,3,0,0,0,0
Dorchester,Cypress 2,President,,DEM,Tulsi Gabbard,3,0,3,0,0,0,0
Dorchester,Flowertown 3,President,,DEM,Tulsi Gabbard,2,0,2,0,0,0,0
Dorchester,Oakbrook 2,President,,DEM,Tulsi Gabbard,5,0,5,0,0,0,0
Dorchester,Windsor 2,President,,DEM,Tulsi Gabbard,1,0,1,0,0,0,0
Dorchester,Failsafe,President,,DEM,Tulsi Gabbard,0,0,0,0,0,0,0
Dorchester,Provisional,President,,DEM,Tulsi Gabbard,0,0,0,0,0,0,0
Dorchester,Failsafe Provisional,President,,DEM,Tulsi Gabbard,0,0,0,0,0,0,0
Dorchester,Rosinville,President,,DEM,Amy Klobuchar,0,0,0,0,0,0,0
Dorchester,St. George No. 2,President,,DEM,Amy Klobuchar,1,0,1,0,0,0,0
Dorchester,St. George No. 1,President,,DEM,Amy Klobuchar,1,0,1,0,0,0,0
Dorchester,Grover,President,,DEM,Amy Klobuchar,0,0,0,0,0,0,0
Dorchester,Reevesville,President,,DEM,Amy Klobuchar,1,0,1,0,0,0,0
Dorchester,Harleyville,President,,DEM,Amy Klobuchar,3,0,3,0,0,0,0
Dorchester,Four Hole,President,,DEM,Amy Klobuchar,0,0,0,0,0,0,0
Dorchester,Rosses,President,,DEM,Amy Klobuchar,3,1,2,0,0,0,0
Dorchester,Ridgeville,President,,DEM,Amy Klobuchar,2,0,2,0,0,0,0
Dorchester,Givhans,President,,DEM,Amy Klobuchar,3,0,3,0,0,0,0
Dorchester,Delemars,President,,DEM,Amy Klobuchar,2,0,2,0,0,0,0
Dorchester,Saul Dam,President,,DEM,Amy Klobuchar,5,2,2,0,1,0,0
Dorchester,Coastal,President,,DEM,Amy Klobuchar,5,0,5,0,0,0,0
Dorchester,Trolley,President,,DEM,Amy Klobuchar,5,0,5,0,0,0,0
Dorchester,Tranquil,President,,DEM,Amy Klobuchar,0,0,0,0,0,0,0
Dorchester,Beech Hill,President,,DEM,Amy Klobuchar,16,0,16,0,0,0,0
Dorchester,Flowertown,President,,DEM,Amy Klobuchar,24,5,17,0,2,0,0
Dorchester,Knightsville,President,,DEM,Amy Klobuchar,4,0,4,0,0,0,0
Dorchester,Clemson,President,,DEM,Amy Klobuchar,26,4,22,0,0,0,0
Dorchester,Germantown,President,,DEM,Amy Klobuchar,9,0,9,0,0,0,0
Dorchester,Greenwave,President,,DEM,Amy Klobuchar,1,0,1,0,0,0,0
Dorchester,Newington,President,,DEM,Amy Klobuchar,8,1,7,0,0,0,0
Dorchester,Carolina,President,,DEM,Amy Klobuchar,9,0,9,0,0,0,0
Dorchester,Dorchester,President,,DEM,Amy Klobuchar,6,1,5,0,0,0,0
Dorchester,Archdale,President,,DEM,Amy Klobuchar,1,0,1,0,0,0,0
Dorchester,Stallsville,President,,DEM,Amy Klobuchar,5,0,5,0,0,0,0
Dorchester,Indian Field,President,,DEM,Amy Klobuchar,0,0,0,0,0,0,0
Dorchester,Spann,President,,DEM,Amy Klobuchar,8,0,6,0,2,0,0
Dorchester,North Summerville,President,,DEM,Amy Klobuchar,4,0,4,0,0,0,0
Dorchester,Tupperway,President,,DEM,Amy Klobuchar,4,0,4,0,0,0,0
Dorchester,Irongate,President,,DEM,Amy Klobuchar,3,0,3,0,0,0,0
Dorchester,Greenhurst,President,,DEM,Amy Klobuchar,1,0,1,0,0,0,0
Dorchester,Ashborough East,President,,DEM,Amy Klobuchar,0,0,0,0,0,0,0
Dorchester,Ashborough West,President,,DEM,Amy Klobuchar,4,0,4,0,0,0,0
Dorchester,Ashley River,President,,DEM,Amy Klobuchar,12,0,12,0,0,0,0
Dorchester,Windsor,President,,DEM,Amy Klobuchar,6,0,6,0,0,0,0
Dorchester,Bacons Bridge,President,,DEM,Amy Klobuchar,10,2,6,0,2,0,0
Dorchester,Brandymill,President,,DEM,Amy Klobuchar,3,1,2,0,0,0,0
Dorchester,Briarwood,President,,DEM,Amy Klobuchar,2,0,2,0,0,0,0
Dorchester,Butternut,President,,DEM,Amy Klobuchar,10,0,10,0,0,0,0
Dorchester,Central,President,,DEM,Amy Klobuchar,9,0,8,0,1,0,0
Dorchester,Coosaw,President,,DEM,Amy Klobuchar,20,1,17,0,2,0,0
Dorchester,Cypress,President,,DEM,Amy Klobuchar,10,1,8,0,1,0,0
Dorchester,King's Grant,President,,DEM,Amy Klobuchar,7,0,7,0,0,0,0
Dorchester,Lincoln,President,,DEM,Amy Klobuchar,3,0,3,0,0,0,0
Dorchester,Miles/Jamison,President,,DEM,Amy Klobuchar,7,1,5,0,1,0,0
Dorchester,Oakbrook,President,,DEM,Amy Klobuchar,5,0,5,0,0,0,0
Dorchester,Patriot,President,,DEM,Amy Klobuchar,0,0,0,0,0,0,0
Dorchester,Sawmill Branch,President,,DEM,Amy Klobuchar,7,1,6,0,0,0,0
Dorchester,Coastal 2,President,,DEM,Amy Klobuchar,9,0,9,0,0,0,0
Dorchester,Coastal 3,President,,DEM,Amy Klobuchar,5,0,4,0,1,0,0
Dorchester,Archdale 2,President,,DEM,Amy Klobuchar,4,0,3,0,1,0,0
Dorchester,Ashborough East 2,President,,DEM,Amy Klobuchar,8,0,8,0,0,0,0
Dorchester,Ashborough West 2,President,,DEM,Amy Klobuchar,8,0,8,0,0,0,0
Dorchester,Beech Hill 2,President,,DEM,Amy Klobuchar,4,0,4,0,0,0,0
Dorchester,Brandymill 2,President,,DEM,Amy Klobuchar,3,0,2,0,1,0,0
Dorchester,Briarwood 2,President,,DEM,Amy Klobuchar,5,0,5,0,0,0,0
Dorchester,Briarwood 3,President,,DEM,Amy Klobuchar,0,0,0,0,0,0,0
Dorchester,Central 2,President,,DEM,Amy Klobuchar,4,0,4,0,0,0,0
Dorchester,Clemson 2,President,,DEM,Amy Klobuchar,8,0,8,0,0,0,0
Dorchester,Clemson 3,President,,DEM,Amy Klobuchar,3,0,3,0,0,0,0
Dorchester,Coosaw 2,President,,DEM,Amy Klobuchar,8,1,7,0,0,0,0
Dorchester,Dorchester 2,President,,DEM,Amy Klobuchar,6,0,5,0,1,0,0
Dorchester,Flowertown 2,President,,DEM,Amy Klobuchar,3,0,3,0,0,0,0
Dorchester,Givhans 2,President,,DEM,Amy Klobuchar,3,0,3,0,0,0,0
Dorchester,Indian Field 2,President,,DEM,Amy Klobuchar,0,0,0,0,0,0,0
Dorchester,Irongate 2,President,,DEM,Amy Klobuchar,3,0,3,0,0,0,0
Dorchester,Irongate 3,President,,DEM,Amy Klobuchar,4,2,2,0,0,0,0
Dorchester,King's Grant 2,President,,DEM,Amy Klobuchar,6,0,6,0,0,0,0
Dorchester,Newington 2,President,,DEM,Amy Klobuchar,4,0,4,0,0,0,0
Dorchester,North Summerville 2,President,,DEM,Amy Klobuchar,3,0,3,0,0,0,0
Dorchester,Ridgeville 2,President,,DEM,Amy Klobuchar,2,0,2,0,0,0,0
Dorchester,Tranquil 2,President,,DEM,Amy Klobuchar,5,0,5,0,0,0,0
Dorchester,Tupperway 2,President,,DEM,Amy Klobuchar,2,0,2,0,0,0,0
Dorchester,Tranquil 3,President,,DEM,Amy Klobuchar,1,0,1,0,0,0,0
Dorchester,Bacons Bridge 2,President,,DEM,Amy Klobuchar,0,0,0,0,0,0,0
Dorchester,Coosaw 3,President,,DEM,Amy Klobuchar,3,0,3,0,0,0,0
Dorchester,Cypress 2,President,,DEM,Amy Klobuchar,4,0,4,0,0,0,0
Dorchester,Flowertown 3,President,,DEM,Amy Klobuchar,5,0,5,0,0,0,0
Dorchester,Oakbrook 2,President,,DEM,Amy Klobuchar,4,0,4,0,0,0,0
Dorchester,Windsor 2,President,,DEM,Amy Klobuchar,1,0,1,0,0,0,0
Dorchester,Failsafe,President,,DEM,Amy Klobuchar,0,0,0,0,0,0,0
Dorchester,Provisional,President,,DEM,Amy Klobuchar,1,0,0,1,0,0,0
Dorchester,Failsafe Provisional,President,,DEM,Amy Klobuchar,1,0,0,0,0,0,1
Dorchester,Rosinville,President,,DEM,Deval Patrick - WITHDREW,0,0,0,0,0,0,0
Dorchester,St. George No. 2,President,,DEM,Deval Patrick - WITHDREW,0,0,0,0,0,0,0
Dorchester,St. George No. 1,President,,DEM,Deval Patrick - WITHDREW,0,0,0,0,0,0,0
Dorchester,Grover,President,,DEM,Deval Patrick - WITHDREW,0,0,0,0,0,0,0
Dorchester,Reevesville,President,,DEM,Deval Patrick - WITHDREW,0,0,0,0,0,0,0
Dorchester,Harleyville,President,,DEM,Deval Patrick - WITHDREW,0,0,0,0,0,0,0
Dorchester,Four Hole,President,,DEM,Deval Patrick - WITHDREW,0,0,0,0,0,0,0
Dorchester,Rosses,President,,DEM,Deval Patrick - WITHDREW,0,0,0,0,0,0,0
Dorchester,Ridgeville,President,,DEM,Deval Patrick - WITHDREW,0,0,0,0,0,0,0
Dorchester,Givhans,President,,DEM,Deval Patrick - WITHDREW,0,0,0,0,0,0,0
Dorchester,Delemars,President,,DEM,Deval Patrick - WITHDREW,0,0,0,0,0,0,0
Dorchester,Saul Dam,President,,DEM,Deval Patrick - WITHDREW,0,0,0,0,0,0,0
Dorchester,Coastal,President,,DEM,Deval Patrick - WITHDREW,0,0,0,0,0,0,0
Dorchester,Trolley,President,,DEM,Deval Patrick - WITHDREW,0,0,0,0,0,0,0
Dorchester,Tranquil,President,,DEM,Deval Patrick - WITHDREW,0,0,0,0,0,0,0
Dorchester,Beech Hill,President,,DEM,Deval Patrick - WITHDREW,0,0,0,0,0,0,0
Dorchester,Flowertown,President,,DEM,Deval Patrick - WITHDREW,0,0,0,0,0,0,0
Dorchester,Knightsville,President,,DEM,Deval Patrick - WITHDREW,1,0,1,0,0,0,0
Dorchester,Clemson,President,,DEM,Deval Patrick - WITHDREW,0,0,0,0,0,0,0
Dorchester,Germantown,President,,DEM,Deval Patrick - WITHDREW,1,0,1,0,0,0,0
Dorchester,Greenwave,President,,DEM,Deval Patrick - WITHDREW,0,0,0,0,0,0,0
Dorchester,Newington,President,,DEM,Deval Patrick - WITHDREW,0,0,0,0,0,0,0
Dorchester,Carolina,President,,DEM,Deval Patrick - WITHDREW,0,0,0,0,0,0,0
Dorchester,Dorchester,President,,DEM,Deval Patrick - WITHDREW,0,0,0,0,0,0,0
Dorchester,Archdale,President,,DEM,Deval Patrick - WITHDREW,0,0,0,0,0,0,0
Dorchester,Stallsville,President,,DEM,Deval Patrick - WITHDREW,0,0,0,0,0,0,0
Dorchester,Indian Field,President,,DEM,Deval Patrick - WITHDREW,0,0,0,0,0,0,0
Dorchester,Spann,President,,DEM,Deval Patrick - WITHDREW,0,0,0,0,0,0,0
Dorchester,North Summerville,President,,DEM,Deval Patrick - WITHDREW,0,0,0,0,0,0,0
Dorchester,Tupperway,President,,DEM,Deval Patrick - WITHDREW,0,0,0,0,0,0,0
Dorchester,Irongate,President,,DEM,Deval Patrick - WITHDREW,0,0,0,0,0,0,0
Dorchester,Greenhurst,President,,DEM,Deval Patrick - WITHDREW,0,0,0,0,0,0,0
Dorchester,Ashborough East,President,,DEM,Deval Patrick - WITHDREW,0,0,0,0,0,0,0
Dorchester,Ashborough West,President,,DEM,Deval Patrick - WITHDREW,0,0,0,0,0,0,0
Dorchester,Ashley River,President,,DEM,Deval Patrick - WITHDREW,0,0,0,0,0,0,0
Dorchester,Windsor,President,,DEM,Deval Patrick - WITHDREW,0,0,0,0,0,0,0
Dorchester,Bacons Bridge,President,,DEM,Deval Patrick - WITHDREW,0,0,0,0,0,0,0
Dorchester,Brandymill,President,,DEM,Deval Patrick - WITHDREW,0,0,0,0,0,0,0
Dorchester,Briarwood,President,,DEM,Deval Patrick - WITHDREW,0,0,0,0,0,0,0
Dorchester,Butternut,President,,DEM,Deval Patrick - WITHDREW,0,0,0,0,0,0,0
Dorchester,Central,President,,DEM,Deval Patrick - WITHDREW,0,0,0,0,0,0,0
Dorchester,Coosaw,President,,DEM,Deval Patrick - WITHDREW,0,0,0,0,0,0,0
Dorchester,Cypress,President,,DEM,Deval Patrick - WITHDREW,0,0,0,0,0,0,0
Dorchester,King's Grant,President,,DEM,Deval Patrick - WITHDREW,0,0,0,0,0,0,0
Dorchester,Lincoln,President,,DEM,Deval Patrick - WITHDREW,0,0,0,0,0,0,0
Dorchester,Miles/Jamison,President,,DEM,Deval Patrick - WITHDREW,0,0,0,0,0,0,0
Dorchester,Oakbrook,President,,DEM,Deval Patrick - WITHDREW,1,0,1,0,0,0,0
Dorchester,Patriot,President,,DEM,Deval Patrick - WITHDREW,0,0,0,0,0,0,0
Dorchester,Sawmill Branch,President,,DEM,Deval Patrick - WITHDREW,0,0,0,0,0,0,0
Dorchester,Coastal 2,President,,DEM,Deval Patrick - WITHDREW,0,0,0,0,0,0,0
Dorchester,Coastal 3,President,,DEM,Deval Patrick - WITHDREW,1,0,1,0,0,0,0
Dorchester,Archdale 2,President,,DEM,Deval Patrick - WITHDREW,0,0,0,0,0,0,0
Dorchester,Ashborough East 2,President,,DEM,Deval Patrick - WITHDREW,0,0,0,0,0,0,0
Dorchester,Ashborough West 2,President,,DEM,Deval Patrick - WITHDREW,0,0,0,0,0,0,0
Dorchester,Beech Hill 2,President,,DEM,Deval Patrick - WITHDREW,0,0,0,0,0,0,0
Dorchester,Brandymill 2,President,,DEM,Deval Patrick - WITHDREW,0,0,0,0,0,0,0
Dorchester,Briarwood 2,President,,DEM,Deval Patrick - WITHDREW,0,0,0,0,0,0,0
Dorchester,Briarwood 3,President,,DEM,Deval Patrick - WITHDREW,0,0,0,0,0,0,0
Dorchester,Central 2,President,,DEM,Deval Patrick - WITHDREW,1,0,1,0,0,0,0
Dorchester,Clemson 2,President,,DEM,Deval Patrick - WITHDREW,0,0,0,0,0,0,0
Dorchester,Clemson 3,President,,DEM,Deval Patrick - WITHDREW,0,0,0,0,0,0,0
Dorchester,Coosaw 2,President,,DEM,Deval Patrick - WITHDREW,0,0,0,0,0,0,0
Dorchester,Dorchester 2,President,,DEM,Deval Patrick - WITHDREW,0,0,0,0,0,0,0
Dorchester,Flowertown 2,President,,DEM,Deval Patrick - WITHDREW,0,0,0,0,0,0,0
Dorchester,Givhans 2,President,,DEM,Deval Patrick - WITHDREW,1,0,1,0,0,0,0
Dorchester,Indian Field 2,President,,DEM,Deval Patrick - WITHDREW,1,0,1,0,0,0,0
Dorchester,Irongate 2,President,,DEM,Deval Patrick - WITHDREW,0,0,0,0,0,0,0
Dorchester,Irongate 3,President,,DEM,Deval Patrick - WITHDREW,0,0,0,0,0,0,0
Dorchester,King's Grant 2,President,,DEM,Deval Patrick - WITHDREW,2,0,2,0,0,0,0
Dorchester,Newington 2,President,,DEM,Deval Patrick - WITHDREW,0,0,0,0,0,0,0
Dorchester,North Summerville 2,President,,DEM,Deval Patrick - WITHDREW,0,0,0,0,0,0,0
Dorchester,Ridgeville 2,President,,DEM,Deval Patrick - WITHDREW,0,0,0,0,0,0,0
Dorchester,Tranquil 2,President,,DEM,Deval Patrick - WITHDREW,0,0,0,0,0,0,0
Dorchester,Tupperway 2,President,,DEM,Deval Patrick - WITHDREW,0,0,0,0,0,0,0
Dorchester,Tranquil 3,President,,DEM,Deval Patrick - WITHDREW,0,0,0,0,0,0,0
Dorchester,Bacons Bridge 2,President,,DEM,Deval Patrick - WITHDREW,0,0,0,0,0,0,0
Dorchester,Coosaw 3,President,,DEM,Deval Patrick - WITHDREW,0,0,0,0,0,0,0
Dorchester,Cypress 2,President,,DEM,Deval Patrick - WITHDREW,0,0,0,0,0,0,0
Dorchester,Flowertown 3,President,,DEM,Deval Patrick - WITHDREW,0,0,0,0,0,0,0
Dorchester,Oakbrook 2,President,,DEM,Deval Patrick - WITHDREW,0,0,0,0,0,0,0
Dorchester,Windsor 2,President,,DEM,Deval Patrick - WITHDREW,0,0,0,0,0,0,0
Dorchester,Failsafe,President,,DEM,Deval Patrick - WITHDREW,0,0,0,0,0,0,0
Dorchester,Provisional,President,,DEM,Deval Patrick - WITHDREW,0,0,0,0,0,0,0
Dorchester,Failsafe Provisional,President,,DEM,Deval Patrick - WITHDREW,0,0,0,0,0,0,0
Dorchester,Rosinville,President,,DEM,Bernie Sanders,32,5,27,0,0,0,0
Dorchester,St. George No. 2,President,,DEM,Bernie Sanders,28,5,23,0,0,0,0
Dorchester,St. George No. 1,President,,DEM,Bernie Sanders,27,2,24,0,1,0,0
Dorchester,Grover,President,,DEM,Bernie Sanders,11,0,11,0,0,0,0
Dorchester,Reevesville,President,,DEM,Bernie Sanders,36,1,34,0,1,0,0
Dorchester,Harleyville,President,,DEM,Bernie Sanders,11,0,10,0,1,0,0
Dorchester,Four Hole,President,,DEM,Bernie Sanders,37,1,36,0,0,0,0
Dorchester,Rosses,President,,DEM,Bernie Sanders,22,3,19,0,0,0,0
Dorchester,Ridgeville,President,,DEM,Bernie Sanders,30,1,29,0,0,0,0
Dorchester,Givhans,President,,DEM,Bernie Sanders,25,0,25,0,0,0,0
Dorchester,Delemars,President,,DEM,Bernie Sanders,33,1,32,0,0,0,0
Dorchester,Saul Dam,President,,DEM,Bernie Sanders,8,0,7,0,1,0,0
Dorchester,Coastal,President,,DEM,Bernie Sanders,40,2,38,0,0,0,0
Dorchester,Trolley,President,,DEM,Bernie Sanders,25,1,23,0,1,0,0
Dorchester,Tranquil,President,,DEM,Bernie Sanders,20,0,20,0,0,0,0
Dorchester,Beech Hill,President,,DEM,Bernie Sanders,48,0,47,0,1,0,0
Dorchester,Flowertown,President,,DEM,Bernie Sanders,47,2,42,0,3,0,0
Dorchester,Knightsville,President,,DEM,Bernie Sanders,32,1,31,0,0,0,0
Dorchester,Clemson,President,,DEM,Bernie Sanders,50,2,44,0,4,0,0
Dorchester,Germantown,President,,DEM,Bernie Sanders,43,1,40,0,2,0,0
Dorchester,Greenwave,President,,DEM,Bernie Sanders,33,0,32,0,1,0,0
Dorchester,Newington,President,,DEM,Bernie Sanders,43,2,40,0,1,0,0
Dorchester,Carolina,President,,DEM,Bernie Sanders,56,1,54,0,1,0,0
Dorchester,Dorchester,President,,DEM,Bernie Sanders,25,0,24,0,1,0,0
Dorchester,Archdale,President,,DEM,Bernie Sanders,70,0,70,0,0,0,0
Dorchester,Stallsville,President,,DEM,Bernie Sanders,37,1,36,0,0,0,0
Dorchester,Indian Field,President,,DEM,Bernie Sanders,14,3,11,0,0,0,0
Dorchester,Spann,President,,DEM,Bernie Sanders,50,1,48,0,1,0,0
Dorchester,North Summerville,President,,DEM,Bernie Sanders,22,0,22,0,0,0,0
Dorchester,Tupperway,President,,DEM,Bernie Sanders,23,0,23,0,0,0,0
Dorchester,Irongate,President,,DEM,Bernie Sanders,29,0,29,0,0,0,0
Dorchester,Greenhurst,President,,DEM,Bernie Sanders,54,0,54,0,0,0,0
Dorchester,Ashborough East,President,,DEM,Bernie Sanders,47,1,46,0,0,0,0
Dorchester,Ashborough West,President,,DEM,Bernie Sanders,32,0,31,0,1,0,0
Dorchester,Ashley River,President,,DEM,Bernie Sanders,103,3,97,0,3,0,0
Dorchester,Windsor,President,,DEM,Bernie Sanders,53,0,53,0,0,0,0
Dorchester,Bacons Bridge,President,,DEM,Bernie Sanders,60,2,58,0,0,0,0
Dorchester,Brandymill,President,,DEM,Bernie Sanders,26,1,25,0,0,0,0
Dorchester,Briarwood,President,,DEM,Bernie Sanders,50,1,48,0,1,0,0
Dorchester,Butternut,President,,DEM,Bernie Sanders,52,3,47,0,2,0,0
Dorchester,Central,President,,DEM,Bernie Sanders,44,1,42,0,1,0,0
Dorchester,Coosaw,President,,DEM,Bernie Sanders,114,2,110,0,2,0,0
Dorchester,Cypress,President,,DEM,Bernie Sanders,86,2,82,0,2,0,0
Dorchester,King's Grant,President,,DEM,Bernie Sanders,74,0,73,0,1,0,0
Dorchester,Lincoln,President,,DEM,Bernie Sanders,62,0,62,0,0,0,0
Dorchester,Miles/Jamison,President,,DEM,Bernie Sanders,53,1,49,0,3,0,0
Dorchester,Oakbrook,President,,DEM,Bernie Sanders,124,2,121,0,1,0,0
Dorchester,Patriot,President,,DEM,Bernie Sanders,57,0,55,0,2,0,0
Dorchester,Sawmill Branch,President,,DEM,Bernie Sanders,69,3,65,0,1,0,0
Dorchester,Coastal 2,President,,DEM,Bernie Sanders,45,1,41,0,3,0,0
Dorchester,Coastal 3,President,,DEM,Bernie Sanders,31,0,28,0,3,0,0
Dorchester,Archdale 2,President,,DEM,Bernie Sanders,52,3,47,0,2,0,0
Dorchester,Ashborough East 2,President,,DEM,Bernie Sanders,32,3,27,0,2,0,0
Dorchester,Ashborough West 2,President,,DEM,Bernie Sanders,30,2,28,0,0,0,0
Dorchester,Beech Hill 2,President,,DEM,Bernie Sanders,48,2,45,0,1,0,0
Dorchester,Brandymill 2,President,,DEM,Bernie Sanders,42,0,42,0,0,0,0
Dorchester,Briarwood 2,President,,DEM,Bernie Sanders,41,2,39,0,0,0,0
Dorchester,Briarwood 3,President,,DEM,Bernie Sanders,27,0,24,0,3,0,0
Dorchester,Central 2,President,,DEM,Bernie Sanders,45,0,44,0,1,0,0
Dorchester,Clemson 2,President,,DEM,Bernie Sanders,82,3,79,0,0,0,0
Dorchester,Clemson 3,President,,DEM,Bernie Sanders,34,2,32,0,0,0,0
Dorchester,Coosaw 2,President,,DEM,Bernie Sanders,106,0,98,0,8,0,0
Dorchester,Dorchester 2,President,,DEM,Bernie Sanders,44,0,43,0,1,0,0
Dorchester,Flowertown 2,President,,DEM,Bernie Sanders,57,1,53,0,3,0,0
Dorchester,Givhans 2,President,,DEM,Bernie Sanders,34,0,34,0,0,0,0
Dorchester,Indian Field 2,President,,DEM,Bernie Sanders,33,7,26,0,0,0,0
Dorchester,Irongate 2,President,,DEM,Bernie Sanders,24,0,22,0,2,0,0
Dorchester,Irongate 3,President,,DEM,Bernie Sanders,12,0,12,0,0,0,0
Dorchester,King's Grant 2,President,,DEM,Bernie Sanders,65,1,63,0,1,0,0
Dorchester,Newington 2,President,,DEM,Bernie Sanders,27,0,24,0,3,0,0
Dorchester,North Summerville 2,President,,DEM,Bernie Sanders,56,1,55,0,0,0,0
Dorchester,Ridgeville 2,President,,DEM,Bernie Sanders,20,4,16,0,0,0,0
Dorchester,Tranquil 2,President,,DEM,Bernie Sanders,65,0,64,0,1,0,0
Dorchester,Tupperway 2,President,,DEM,Bernie Sanders,22,0,20,0,2,0,0
Dorchester,Tranquil 3,President,,DEM,Bernie Sanders,40,1,39,0,0,0,0
Dorchester,Bacons Bridge 2,President,,DEM,Bernie Sanders,30,1,28,0,1,0,0
Dorchester,Coosaw 3,President,,DEM,Bernie Sanders,42,0,42,0,0,0,0
Dorchester,Cypress 2,President,,DEM,Bernie Sanders,20,0,17,0,3,0,0
Dorchester,Flowertown 3,President,,DEM,Bernie Sanders,37,0,37,0,0,0,0
Dorchester,Oakbrook 2,President,,DEM,Bernie Sanders,47,0,47,0,0,0,0
Dorchester,Windsor 2,President,,DEM,Bernie Sanders,37,1,36,0,0,0,0
Dorchester,Failsafe,President,,DEM,Bernie Sanders,0,0,0,0,0,0,0
Dorchester,Provisional,President,,DEM,Bernie Sanders,1,0,0,1,0,0,0
Dorchester,Failsafe Provisional,President,,DEM,Bernie Sanders,1,0,0,0,0,0,1
Dorchester,Rosinville,President,,DEM,Tom Steyer,29,8,20,0,1,0,0
Dorchester,St. George No. 2,President,,DEM,Tom Steyer,17,2,15,0,0,0,0
Dorchester,St. George No. 1,President,,DEM,Tom Steyer,18,4,14,0,0,0,0
Dorchester,Grover,President,,DEM,Tom Steyer,13,0,13,0,0,0,0
Dorchester,Reevesville,President,,DEM,Tom Steyer,16,1,15,0,0,0,0
Dorchester,Harleyville,President,,DEM,Tom Steyer,8,2,6,0,0,0,0
Dorchester,Four Hole,President,,DEM,Tom Steyer,13,1,12,0,0,0,0
Dorchester,Rosses,President,,DEM,Tom Steyer,17,1,16,0,0,0,0
Dorchester,Ridgeville,President,,DEM,Tom Steyer,14,1,12,0,1,0,0
Dorchester,Givhans,President,,DEM,Tom Steyer,10,1,8,0,1,0,0
Dorchester,Delemars,President,,DEM,Tom Steyer,9,0,9,0,0,0,0
Dorchester,Saul Dam,President,,DEM,Tom Steyer,7,0,5,0,2,0,0
Dorchester,Coastal,President,,DEM,Tom Steyer,23,0,22,0,1,0,0
Dorchester,Trolley,President,,DEM,Tom Steyer,21,0,20,0,1,0,0
Dorchester,Tranquil,President,,DEM,Tom Steyer,14,2,11,0,1,0,0
Dorchester,Beech Hill,President,,DEM,Tom Steyer,16,1,15,0,0,0,0
Dorchester,Flowertown,President,,DEM,Tom Steyer,20,0,20,0,0,0,0
Dorchester,Knightsville,President,,DEM,Tom Steyer,12,0,12,0,0,0,0
Dorchester,Clemson,President,,DEM,Tom Steyer,18,1,16,0,1,0,0
Dorchester,Germantown,President,,DEM,Tom Steyer,21,0,21,0,0,0,0
Dorchester,Greenwave,President,,DEM,Tom Steyer,14,0,12,0,2,0,0
Dorchester,Newington,President,,DEM,Tom Steyer,19,1,18,0,0,0,0
Dorchester,Carolina,President,,DEM,Tom Steyer,38,0,38,0,0,0,0
Dorchester,Dorchester,President,,DEM,Tom Steyer,21,0,21,0,0,0,0
Dorchester,Archdale,President,,DEM,Tom Steyer,20,2,15,0,3,0,0
Dorchester,Stallsville,President,,DEM,Tom Steyer,13,0,13,0,0,0,0
Dorchester,Indian Field,President,,DEM,Tom Steyer,15,4,11,0,0,0,0
Dorchester,Spann,President,,DEM,Tom Steyer,26,1,25,0,0,0,0
Dorchester,North Summerville,President,,DEM,Tom Steyer,6,0,6,0,0,0,0
Dorchester,Tupperway,President,,DEM,Tom Steyer,11,1,9,0,1,0,0
Dorchester,Irongate,President,,DEM,Tom Steyer,7,0,7,0,0,0,0
Dorchester,Greenhurst,President,,DEM,Tom Steyer,21,0,21,0,0,0,0
Dorchester,Ashborough East,President,,DEM,Tom Steyer,20,0,20,0,0,0,0
Dorchester,Ashborough West,President,,DEM,Tom Steyer,2,0,2,0,0,0,0
Dorchester,Ashley River,President,,DEM,Tom Steyer,40,0,40,0,0,0,0
Dorchester,Windsor,President,,DEM,Tom Steyer,18,0,18,0,0,0,0
Dorchester,Bacons Bridge,President,,DEM,Tom Steyer,33,0,33,0,0,0,0
Dorchester,Brandymill,President,,DEM,Tom Steyer,6,0,6,0,0,0,0
Dorchester,Briarwood,President,,DEM,Tom Steyer,12,0,12,0,0,0,0
Dorchester,Butternut,President,,DEM,Tom Steyer,22,0,21,0,1,0,0
Dorchester,Central,President,,DEM,Tom Steyer,20,0,20,0,0,0,0
Dorchester,Coosaw,President,,DEM,Tom Steyer,34,0,34,0,0,0,0
Dorchester,Cypress,President,,DEM,Tom Steyer,22,0,21,0,1,0,0
Dorchester,King's Grant,President,,DEM,Tom Steyer,29,0,29,0,0,0,0
Dorchester,Lincoln,President,,DEM,Tom Steyer,22,2,20,0,0,0,0
Dorchester,Miles/Jamison,President,,DEM,Tom Steyer,45,2,39,0,4,0,0
Dorchester,Oakbrook,President,,DEM,Tom Steyer,50,1,49,0,0,0,0
Dorchester,Patriot,President,,DEM,Tom Steyer,35,0,34,0,1,0,0
Dorchester,Sawmill Branch,President,,DEM,Tom Steyer,25,1,24,0,0,0,0
Dorchester,Coastal 2,President,,DEM,Tom Steyer,36,0,36,0,0,0,0
Dorchester,Coastal 3,President,,DEM,Tom Steyer,10,0,10,0,0,0,0
Dorchester,Archdale 2,President,,DEM,Tom Steyer,26,3,22,0,1,0,0
Dorchester,Ashborough East 2,President,,DEM,Tom Steyer,8,0,8,0,0,0,0
Dorchester,Ashborough West 2,President,,DEM,Tom Steyer,17,0,17,0,0,0,0
Dorchester,Beech Hill 2,President,,DEM,Tom Steyer,20,0,20,0,0,0,0
Dorchester,Brandymill 2,President,,DEM,Tom Steyer,28,0,28,0,0,0,0
Dorchester,Briarwood 2,President,,DEM,Tom Steyer,17,0,16,0,1,0,0
Dorchester,Briarwood 3,President,,DEM,Tom Steyer,6,0,6,0,0,0,0
Dorchester,Central 2,President,,DEM,Tom Steyer,21,2,18,0,1,0,0
Dorchester,Clemson 2,President,,DEM,Tom Steyer,20,2,18,0,0,0,0
Dorchester,Clemson 3,President,,DEM,Tom Steyer,19,1,18,0,0,0,0
Dorchester,Coosaw 2,President,,DEM,Tom Steyer,36,1,35,0,0,0,0
Dorchester,Dorchester 2,President,,DEM,Tom Steyer,16,3,13,0,0,0,0
Dorchester,Flowertown 2,President,,DEM,Tom Steyer,17,0,16,0,1,0,0
Dorchester,Givhans 2,President,,DEM,Tom Steyer,13,0,13,0,0,0,0
Dorchester,Indian Field 2,President,,DEM,Tom Steyer,16,5,11,0,0,0,0
Dorchester,Irongate 2,President,,DEM,Tom Steyer,2,0,2,0,0,0,0
Dorchester,Irongate 3,President,,DEM,Tom Steyer,3,0,3,0,0,0,0
Dorchester,King's Grant 2,President,,DEM,Tom Steyer,25,0,25,0,0,0,0
Dorchester,Newington 2,President,,DEM,Tom Steyer,5,0,5,0,0,0,0
Dorchester,North Summerville 2,President,,DEM,Tom Steyer,37,2,34,0,1,0,0
Dorchester,Ridgeville 2,President,,DEM,Tom Steyer,9,0,9,0,0,0,0
Dorchester,Tranquil 2,President,,DEM,Tom Steyer,23,0,23,0,0,0,0
Dorchester,Tupperway 2,President,,DEM,Tom Steyer,15,0,14,0,1,0,0
Dorchester,Tranquil 3,President,,DEM,Tom Steyer,12,0,12,0,0,0,0
Dorchester,Bacons Bridge 2,President,,DEM,Tom Steyer,9,1,8,0,0,0,0
Dorchester,Coosaw 3,President,,DEM,Tom Steyer,20,0,20,0,0,0,0
Dorchester,Cypress 2,President,,DEM,Tom Steyer,12,0,12,0,0,0,0
Dorchester,Flowertown 3,President,,DEM,Tom Steyer,18,0,18,0,0,0,0
Dorchester,Oakbrook 2,President,,DEM,Tom Steyer,13,0,13,0,0,0,0
Dorchester,Windsor 2,President,,DEM,Tom Steyer,18,0,18,0,0,0,0
Dorchester,Failsafe,President,,DEM,Tom Steyer,0,0,0,0,0,0,0
Dorchester,Provisional,President,,DEM,Tom Steyer,0,0,0,0,0,0,0
Dorchester,Failsafe Provisional,President,,DEM,Tom Steyer,0,0,0,0,0,0,0
Dorchester,Rosinville,President,,DEM,Elizabeth Warren,5,0,5,0,0,0,0
Dorchester,St. George No. 2,President,,DEM,Elizabeth Warren,3,0,3,0,0,0,0
Dorchester,St. George No. 1,President,,DEM,Elizabeth Warren,5,1,4,0,0,0,0
Dorchester,Grover,President,,DEM,Elizabeth Warren,3,1,2,0,0,0,0
Dorchester,Reevesville,President,,DEM,Elizabeth Warren,3,2,1,0,0,0,0
Dorchester,Harleyville,President,,DEM,Elizabeth Warren,2,0,2,0,0,0,0
Dorchester,Four Hole,President,,DEM,Elizabeth Warren,3,0,3,0,0,0,0
Dorchester,Rosses,President,,DEM,Elizabeth Warren,6,2,4,0,0,0,0
Dorchester,Ridgeville,President,,DEM,Elizabeth Warren,2,0,2,0,0,0,0
Dorchester,Givhans,President,,DEM,Elizabeth Warren,5,1,4,0,0,0,0
Dorchester,Delemars,President,,DEM,Elizabeth Warren,17,0,17,0,0,0,0
Dorchester,Saul Dam,President,,DEM,Elizabeth Warren,4,1,2,0,1,0,0
Dorchester,Coastal,President,,DEM,Elizabeth Warren,14,0,13,0,1,0,0
Dorchester,Trolley,President,,DEM,Elizabeth Warren,10,1,9,0,0,0,0
Dorchester,Tranquil,President,,DEM,Elizabeth Warren,3,0,3,0,0,0,0
Dorchester,Beech Hill,President,,DEM,Elizabeth Warren,20,1,16,0,3,0,0
Dorchester,Flowertown,President,,DEM,Elizabeth Warren,39,3,33,0,3,0,0
Dorchester,Knightsville,President,,DEM,Elizabeth Warren,9,1,8,0,0,0,0
Dorchester,Clemson,President,,DEM,Elizabeth Warren,13,0,13,0,0,0,0
Dorchester,Germantown,President,,DEM,Elizabeth Warren,11,0,10,0,1,0,0
Dorchester,Greenwave,President,,DEM,Elizabeth Warren,18,0,17,0,1,0,0
Dorchester,Newington,President,,DEM,Elizabeth Warren,17,0,17,0,0,0,0
Dorchester,Carolina,President,,DEM,Elizabeth Warren,20,0,20,0,0,0,0
Dorchester,Dorchester,President,,DEM,Elizabeth Warren,14,1,12,0,1,0,0
Dorchester,Archdale,President,,DEM,Elizabeth Warren,17,0,17,0,0,0,0
Dorchester,Stallsville,President,,DEM,Elizabeth Warren,11,0,11,0,0,0,0
Dorchester,Indian Field,President,,DEM,Elizabeth Warren,2,0,2,0,0,0,0
Dorchester,Spann,President,,DEM,Elizabeth Warren,20,1,15,0,4,0,0
Dorchester,North Summerville,President,,DEM,Elizabeth Warren,8,0,8,0,0,0,0
Dorchester,Tupperway,President,,DEM,Elizabeth Warren,11,0,9,0,2,0,0
Dorchester,Irongate,President,,DEM,Elizabeth Warren,8,1,6,0,1,0,0
Dorchester,Greenhurst,President,,DEM,Elizabeth Warren,11,0,11,0,0,0,0
Dorchester,Ashborough East,President,,DEM,Elizabeth Warren,11,0,11,0,0,0,0
Dorchester,Ashborough West,President,,DEM,Elizabeth Warren,5,1,4,0,0,0,0
Dorchester,Ashley River,President,,DEM,Elizabeth Warren,33,1,32,0,0,0,0
Dorchester,Windsor,President,,DEM,Elizabeth Warren,24,1,23,0,0,0,0
Dorchester,Bacons Bridge,President,,DEM,Elizabeth Warren,26,2,20,0,4,0,0
Dorchester,Brandymill,President,,DEM,Elizabeth Warren,17,0,15,0,2,0,0
Dorchester,Briarwood,President,,DEM,Elizabeth Warren,5,0,5,0,0,0,0
Dorchester,Butternut,President,,DEM,Elizabeth Warren,28,0,27,0,1,0,0
Dorchester,Central,President,,DEM,Elizabeth Warren,16,0,16,0,0,0,0
Dorchester,Coosaw,President,,DEM,Elizabeth Warren,38,1,35,0,2,0,0
Dorchester,Cypress,President,,DEM,Elizabeth Warren,34,1,31,0,2,0,0
Dorchester,King's Grant,President,,DEM,Elizabeth Warren,31,0,29,0,2,0,0
Dorchester,Lincoln,President,,DEM,Elizabeth Warren,10,0,10,0,0,0,0
Dorchester,Miles/Jamison,President,,DEM,Elizabeth Warren,20,1,19,0,0,0,0
Dorchester,Oakbrook,President,,DEM,Elizabeth Warren,63,0,62,0,1,0,0
Dorchester,Patriot,President,,DEM,Elizabeth Warren,4,0,4,0,0,0,0
Dorchester,Sawmill Branch,President,,DEM,Elizabeth Warren,20,1,18,0,1,0,0
Dorchester,Coastal 2,President,,DEM,Elizabeth Warren,19,2,17,0,0,0,0
Dorchester,Coastal 3,President,,DEM,Elizabeth Warren,7,0,7,0,0,0,0
Dorchester,Archdale 2,President,,DEM,Elizabeth Warren,16,1,13,0,2,0,0
Dorchester,Ashborough East 2,President,,DEM,Elizabeth Warren,14,1,13,0,0,0,0
Dorchester,Ashborough West 2,President,,DEM,Elizabeth Warren,14,1,10,0,3,0,0
Dorchester,Beech Hill 2,President,,DEM,Elizabeth Warren,19,1,17,0,1,0,0
Dorchester,Brandymill 2,President,,DEM,Elizabeth Warren,20,0,19,0,1,0,0
Dorchester,Briarwood 2,President,,DEM,Elizabeth Warren,15,0,14,0,1,0,0
Dorchester,Briarwood 3,President,,DEM,Elizabeth Warren,14,0,14,0,0,0,0
Dorchester,Central 2,President,,DEM,Elizabeth Warren,21,0,20,0,1,0,0
Dorchester,Clemson 2,President,,DEM,Elizabeth Warren,28,0,26,0,2,0,0
Dorchester,Clemson 3,President,,DEM,Elizabeth Warren,11,1,10,0,0,0,0
Dorchester,Coosaw 2,President,,DEM,Elizabeth Warren,38,2,34,0,2,0,0
Dorchester,Dorchester 2,President,,DEM,Elizabeth Warren,9,1,8,0,0,0,0
Dorchester,Flowertown 2,President,,DEM,Elizabeth Warren,15,2,13,0,0,0,0
Dorchester,Givhans 2,President,,DEM,Elizabeth Warren,17,0,16,0,1,0,0
Dorchester,Indian Field 2,President,,DEM,Elizabeth Warren,2,1,1,0,0,0,0
Dorchester,Irongate 2,President,,DEM,Elizabeth Warren,5,0,4,0,1,0,0
Dorchester,Irongate 3,President,,DEM,Elizabeth Warren,4,0,4,0,0,0,0
Dorchester,King's Grant 2,President,,DEM,Elizabeth Warren,16,0,15,0,1,0,0
Dorchester,Newington 2,President,,DEM,Elizabeth Warren,8,0,7,0,1,0,0
Dorchester,North Summerville 2,President,,DEM,Elizabeth Warren,20,2,17,0,1,0,0
Dorchester,Ridgeville 2,President,,DEM,Elizabeth Warren,3,0,3,0,0,0,0
Dorchester,Tranquil 2,President,,DEM,Elizabeth Warren,28,0,28,0,0,0,0
Dorchester,Tupperway 2,President,,DEM,Elizabeth Warren,9,0,9,0,0,0,0
Dorchester,Tranquil 3,President,,DEM,Elizabeth Warren,8,0,8,0,0,0,0
Dorchester,Bacons Bridge 2,President,,DEM,Elizabeth Warren,3,0,3,0,0,0,0
Dorchester,Coosaw 3,President,,DEM,Elizabeth Warren,23,0,22,0,1,0,0
Dorchester,Cypress 2,President,,DEM,Elizabeth Warren,9,1,8,0,0,0,0
Dorchester,Flowertown 3,President,,DEM,Elizabeth Warren,21,0,21,0,0,0,0
Dorchester,Oakbrook 2,President,,DEM,Elizabeth Warren,20,1,19,0,0,0,0
Dorchester,Windsor 2,President,,DEM,Elizabeth Warren,14,0,14,0,0,0,0
Dorchester,Failsafe,President,,DEM,Elizabeth Warren,0,0,0,0,0,0,0
Dorchester,Provisional,President,,DEM,Elizabeth Warren,1,0,0,1,0,0,0
Dorchester,Failsafe Provisional,President,,DEM,Elizabeth Warren,1,0,0,0,0,0,1
Dorchester,Rosinville,President,,DEM,Andrew Yang - WITHDREW,0,0,0,0,0,0,0
Dorchester,St. George No. 2,President,,DEM,Andrew Yang - WITHDREW,0,0,0,0,0,0,0
Dorchester,St. George No. 1,President,,DEM,Andrew Yang - WITHDREW,0,0,0,0,0,0,0
Dorchester,Grover,President,,DEM,Andrew Yang - WITHDREW,1,0,1,0,0,0,0
Dorchester,Reevesville,President,,DEM,Andrew Yang - WITHDREW,0,0,0,0,0,0,0
Dorchester,Harleyville,President,,DEM,Andrew Yang - WITHDREW,0,0,0,0,0,0,0
Dorchester,Four Hole,President,,DEM,Andrew Yang - WITHDREW,0,0,0,0,0,0,0
Dorchester,Rosses,President,,DEM,Andrew Yang - WITHDREW,1,0,1,0,0,0,0
Dorchester,Ridgeville,President,,DEM,Andrew Yang - WITHDREW,0,0,0,0,0,0,0
Dorchester,Givhans,President,,DEM,Andrew Yang - WITHDREW,1,0,1,0,0,0,0
Dorchester,Delemars,President,,DEM,Andrew Yang - WITHDREW,0,0,0,0,0,0,0
Dorchester,Saul Dam,President,,DEM,Andrew Yang - WITHDREW,0,0,0,0,0,0,0
Dorchester,Coastal,President,,DEM,Andrew Yang - WITHDREW,0,0,0,0,0,0,0
Dorchester,Trolley,President,,DEM,Andrew Yang - WITHDREW,0,0,0,0,0,0,0
Dorchester,Tranquil,President,,DEM,Andrew Yang - WITHDREW,0,0,0,0,0,0,0
Dorchester,Beech Hill,President,,DEM,Andrew Yang - WITHDREW,0,0,0,0,0,0,0
Dorchester,Flowertown,President,,DEM,Andrew Yang - WITHDREW,1,0,1,0,0,0,0
Dorchester,Knightsville,President,,DEM,Andrew Yang - WITHDREW,0,0,0,0,0,0,0
Dorchester,Clemson,President,,DEM,Andrew Yang - WITHDREW,0,0,0,0,0,0,0
Dorchester,Germantown,President,,DEM,Andrew Yang - WITHDREW,0,0,0,0,0,0,0
Dorchester,Greenwave,President,,DEM,Andrew Yang - WITHDREW,1,0,1,0,0,0,0
Dorchester,Newington,President,,DEM,Andrew Yang - WITHDREW,0,0,0,0,0,0,0
Dorchester,Carolina,President,,DEM,Andrew Yang - WITHDREW,0,0,0,0,0,0,0
Dorchester,Dorchester,President,,DEM,Andrew Yang - WITHDREW,0,0,0,0,0,0,0
Dorchester,Archdale,President,,DEM,Andrew Yang - WITHDREW,0,0,0,0,0,0,0
Dorchester,Stallsville,President,,DEM,Andrew Yang - WITHDREW,0,0,0,0,0,0,0
Dorchester,Indian Field,President,,DEM,Andrew Yang - WITHDREW,0,0,0,0,0,0,0
Dorchester,Spann,President,,DEM,Andrew Yang - WITHDREW,0,0,0,0,0,0,0
Dorchester,North Summerville,President,,DEM,Andrew Yang - WITHDREW,0,0,0,0,0,0,0
Dorchester,Tupperway,President,,DEM,Andrew Yang - WITHDREW,0,0,0,0,0,0,0
Dorchester,Irongate,President,,DEM,Andrew Yang - WITHDREW,0,0,0,0,0,0,0
Dorchester,Greenhurst,President,,DEM,Andrew Yang - WITHDREW,0,0,0,0,0,0,0
Dorchester,Ashborough East,President,,DEM,Andrew Yang - WITHDREW,0,0,0,0,0,0,0
Dorchester,Ashborough West,President,,DEM,Andrew Yang - WITHDREW,0,0,0,0,0,0,0
Dorchester,Ashley River,President,,DEM,Andrew Yang - WITHDREW,0,0,0,0,0,0,0
Dorchester,Windsor,President,,DEM,Andrew Yang - WITHDREW,1,1,0,0,0,0,0
Dorchester,Bacons Bridge,President,,DEM,Andrew Yang - WITHDREW,0,0,0,0,0,0,0
Dorchester,Brandymill,President,,DEM,Andrew Yang - WITHDREW,0,0,0,0,0,0,0
Dorchester,Briarwood,President,,DEM,Andrew Yang - WITHDREW,0,0,0,0,0,0,0
Dorchester,Butternut,President,,DEM,Andrew Yang - WITHDREW,0,0,0,0,0,0,0
Dorchester,Central,President,,DEM,Andrew Yang - WITHDREW,0,0,0,0,0,0,0
Dorchester,Coosaw,President,,DEM,Andrew Yang - WITHDREW,0,0,0,0,0,0,0
Dorchester,Cypress,President,,DEM,Andrew Yang - WITHDREW,1,0,1,0,0,0,0
Dorchester,King's Grant,President,,DEM,Andrew Yang - WITHDREW,1,0,1,0,0,0,0
Dorchester,Lincoln,President,,DEM,Andrew Yang - WITHDREW,0,0,0,0,0,0,0
Dorchester,Miles/Jamison,President,,DEM,Andrew Yang - WITHDREW,0,0,0,0,0,0,0
Dorchester,Oakbrook,President,,DEM,Andrew Yang - WITHDREW,3,0,3,0,0,0,0
Dorchester,Patriot,President,,DEM,Andrew Yang - WITHDREW,0,0,0,0,0,0,0
Dorchester,Sawmill Branch,President,,DEM,Andrew Yang - WITHDREW,1,0,1,0,0,0,0
Dorchester,Coastal 2,President,,DEM,Andrew Yang - WITHDREW,4,0,4,0,0,0,0
Dorchester,Coastal 3,President,,DEM,Andrew Yang - WITHDREW,0,0,0,0,0,0,0
Dorchester,Archdale 2,President,,DEM,Andrew Yang - WITHDREW,0,0,0,0,0,0,0
Dorchester,Ashborough East 2,President,,DEM,Andrew Yang - WITHDREW,0,0,0,0,0,0,0
Dorchester,Ashborough West 2,President,,DEM,Andrew Yang - WITHDREW,0,0,0,0,0,0,0
Dorchester,Beech Hill 2,President,,DEM,Andrew Yang - WITHDREW,0,0,0,0,0,0,0
Dorchester,Brandymill 2,President,,DEM,Andrew Yang - WITHDREW,0,0,0,0,0,0,0
Dorchester,Briarwood 2,President,,DEM,Andrew Yang - WITHDREW,1,0,1,0,0,0,0
Dorchester,Briarwood 3,President,,DEM,Andrew Yang - WITHDREW,0,0,0,0,0,0,0
Dorchester,Central 2,President,,DEM,Andrew Yang - WITHDREW,0,0,0,0,0,0,0
Dorchester,Clemson 2,President,,DEM,Andrew Yang - WITHDREW,1,0,1,0,0,0,0
Dorchester,Clemson 3,President,,DEM,Andrew Yang - WITHDREW,0,0,0,0,0,0,0
Dorchester,Coosaw 2,President,,DEM,Andrew Yang - WITHDREW,1,0,1,0,0,0,0
Dorchester,Dorchester 2,President,,DEM,Andrew Yang - WITHDREW,0,0,0,0,0,0,0
Dorchester,Flowertown 2,President,,DEM,Andrew Yang - WITHDREW,0,0,0,0,0,0,0
Dorchester,Givhans 2,President,,DEM,Andrew Yang - WITHDREW,0,0,0,0,0,0,0
Dorchester,Indian Field 2,President,,DEM,Andrew Yang - WITHDREW,1,1,0,0,0,0,0
Dorchester,Irongate 2,President,,DEM,Andrew Yang - WITHDREW,0,0,0,0,0,0,0
Dorchester,Irongate 3,President,,DEM,Andrew Yang - WITHDREW,0,0,0,0,0,0,0
Dorchester,King's Grant 2,President,,DEM,Andrew Yang - WITHDREW,1,0,1,0,0,0,0
Dorchester,Newington 2,President,,DEM,Andrew Yang - WITHDREW,0,0,0,0,0,0,0
Dorchester,North Summerville 2,President,,DEM,Andrew Yang - WITHDREW,0,0,0,0,0,0,0
Dorchester,Ridgeville 2,President,,DEM,Andrew Yang - WITHDREW,0,0,0,0,0,0,0
Dorchester,Tranquil 2,President,,DEM,Andrew Yang - WITHDREW,0,0,0,0,0,0,0
Dorchester,Tupperway 2,President,,DEM,Andrew Yang - WITHDREW,0,0,0,0,0,0,0
Dorchester,Tranquil 3,President,,DEM,Andrew Yang - WITHDREW,1,0,0,0,1,0,0
Dorchester,Bacons Bridge 2,President,,DEM,Andrew Yang - WITHDREW,0,0,0,0,0,0,0
Dorchester,Coosaw 3,President,,DEM,Andrew Yang - WITHDREW,2,0,2,0,0,0,0
Dorchester,Cypress 2,President,,DEM,Andrew Yang - WITHDREW,1,0,1,0,0,0,0
Dorchester,Flowertown 3,President,,DEM,Andrew Yang - WITHDREW,1,0,1,0,0,0,0
Dorchester,Oakbrook 2,President,,DEM,Andrew Yang - WITHDREW,0,0,0,0,0,0,0
Dorchester,Windsor 2,President,,DEM,Andrew Yang - WITHDREW,0,0,0,0,0,0,0
Dorchester,Failsafe,President,,DEM,Andrew Yang - WITHDREW,0,0,0,0,0,0,0
Dorchester,Provisional,President,,DEM,Andrew Yang - WITHDREW,0,0,0,0,0,0,0
Dorchester,Failsafe Provisional,President,,DEM,Andrew Yang - WITHDREW,0,0,0,0,0,0,0
